comment,label
rakyat isi,neutral
apakabarpajak,neutral
gaji mandek luar jorjoran,negative
bayar pajak subhanallah pimpin,neutral
astaqfirullah hrs gmn jalan msh hrs bayar salah jln hrs putar gmn,negative
uang uang uang uang,neutral
pikir hancur negara emng fasilitas allah emngny jalan aspal trotoar bikin allah perintah bikin duit pajak tolong lahhh pikir rasional,negative
halah emak emang kah dikit rakyat trus peras,neutral
melarat bgt indonesia,neutral
julio kn udah bayar pas kn bilang allah tp manusia kelola buka kamus bahasa indonesia,neutral
erp cipta masyarakat alih angkut massal masyarakat pikir angkut masal ketimbang bayar erp mahal,negative
sieee aja kaget bayar pajak motor tahun,neutral
mantap kang ojol,negative
pajak mgkin naikin gajiii,neutral
uang kemanain makan banting tulang ngidupin jabat korupsi trus ojol taksi on line gimana,neutral
kabar ojol laku gimana nasib ojol,neutral
bayar utang negara,neutral
bagus lanjut pejlan kaki bayar salut pimpin jkt sakerang,neutral
gak tuju pasti anak buah anis berat anis alat transportasi milik kaki gak ribut,negative
utang kemacetab tambah kaya,neutral
syulit hidup dijakarta,negative
perintah bisnis rakyat mulu heran perintah skrng calon hirup udara bayar,neutral
trus pajak kendara bayar tahun pakai,neutral
ngadi kasihan,negative
bisa nyari proyek,negative
jajan dpr,neutral
positif aja pajak hilang,positive
verddika susah bayar pajak udah kumpul bonus tugas pajak,negative
hirup udara kyakny bayar,neutral
ngesot,neutral
sabar bentar catetin ajah partai jabat gak penting rakyat warga bales pilih partai jabat biar keok,positive
yaaa subsidi transportasi umum pangkas transportasi umum rawat tingkat ras rakyat terap erp berangkat vespa tua menit kendara umum butuh menit macet jalan pasar kaget jalan lebar sempit jaklingko hindar lokasi macet jalan trayek muter jauuuhhh angkut umum nyaman nyaman apa iya medsos ditampilin bagus asli gitu salah warga curiga terap erp kaya kendara nyaman sepeda mahal tengah jalan malas ruas jalan bayar nambahin tkd,negative
tuju stop jual kendara jakarta logika macet tambah kendara biar kendara nikmat daerah,negative
nan,neutral
kasi tukang bemo,neutral
karepmu rakyat nurut kayak salur tv taux gak gitu aja tv wajib pake stb,neutral
dmna klo dh bayar pajak jala free klo bayar jalan pajak kendaraanya free blok goblok,neutral
nan,neutral
wat gak bener,neutral
wat untung mobil udah jual kwkwkw,neutral
cuan,neutral
uang kumpul kemanain bayar hutang negara dana hibah,negative
parah wi,negative
gilaaa bayaarr trus bayar pajak fasilitas tetep bayar udara bayaaarrr,neutral
pas baca pikir ojol,neutral
tuju dijakarta aja,neutral
mantap,negative
solusi kurang macet uang emang duit,negative
mua pajekin,neutral
hapus sistem kredit kendara,neutral
rampok rakyat milyar pajak,negative
weits lahan basah,neutral
mantap kantong pribadi jabat,negative
sebenernya urai macet gampang tarif parkir aja mahalin tp kendara pribadi oh iya gin pemprov cuan,negative
enak duit yaaa,positive
mainset indonesia jepang sana muda indonesia sdm beda butuh beda hasil beda samasamai jepang butuh ribu tahun oknum tumbuh silih ganti mati tumbuh sarebu ladang lahan jemaah rakyat susah bin ribet jemaah,negative
duit alih fasilitas publik armada transportasi umum baik jalan arah colong rupiah pasti iya aja sosialisasi transparansi,negative
tumben ni mahasiswa demo,neutral
terap sistem kayak gin pastiin angkut transportasi pada full integrasi rumah kunjung bayar nyambung bayar tuju kalkulasi warga banding umum kendara pribadi segi cost keluar alam erp coba umum mahal banding motor motor ribu isi bensin bolak pp umum ribu jalan pp titip motor rumah kereta kereta nyambung angkot gojek sampe arah balik tolong timbang laku sistem rugi warga bayar pajak tahun bulan hasil jerih payah,negative
malak,neutral
uang negara rasa habis gaji jabat pangkas tunjang pangkas dana partai hapus rakyat mulu,negative
mobil dinas mobil berplat dewa bayar,neutral
coming,neutral
uang mana,neutral
hari kirim packet shopee toped gimana bolak abis hari wilayah jakarta pengirman dihapusin,neutral
gaji atas pajak pajak udara pajak dilakuin,neutral
blum itung wilayah buset rb bolak,neutral
ok system kayak sg sayang jakarta fasilitas umum gak mada beda jepang sg penting alas tambah kemarin maksa wfh,positive
ayo kemarin wfh,positive
ras,neutral
depan nafas doang gratis dunia,positive
gemuk,neutral
bayar utang gubernur dki kemarin suka hambur uang,positive
trus uang mana,neutral
peres truss sampe kering,negative
meledaaakkk,neutral
transportasi umum benah tong,negative
berani transparan,positive
duit colongin jabat najisss cuihhh,neutral
terap jam sibuk tengah malam sampe subuh,neutral
percaya percaya buka titik korupsi tunggu aja berita utang bayar korupsi dengar,neutral
program,neutral
cie bonus tambah kaya ups,negative
bandingin jepang kalah,negative
aneh aja ni gubernur pj,negative
celah nihh cuan boss,negative
gampang bener nyiksa tinggal bikin atur bayar beres dana segar hari bancak suka nyusahin rakyat suruh bayar aneh,negative
indonesia jln umum kena tarif,neutral
duit hasil hari beli armada transportrasi umum imbang bijak layan transportrasi umum bagus waktu masyarakat neng naik,positive
brti ush bayar pajak,neutral
jepang,neutral
udeh liat bun antri pas krl busway teman kayak dibenerin transportasi umum dibanyakin jadwal transportasi waktu toilet halte bersih populasi manusia berangkat sekolah mahasiswa kerja padat antre kayak sembako ular catat sampe uang pungut korupsi korupsi kebiri pecut dor,negative
mobil motor jkt udh ngebludak guna negara pajak motor dapat mobil or aj hrsnya jual motor mobil hrs batas gage nga ngaruh atur jalan motor hrs adil lrt nga jalan jalan busway guna msh blm maksimal,negative
nilai fantastis min duit mo dgunain tuju nambh ksmpatan korupsi aja lagipula kmana duit hasil masyarakat bayar pajak gunain jalan aja kudu bayar stuju krna slalu bayar pajak kga telat,neutral
sbnrnya gratis angkut umum mslah pnting armada sya pngguna transportasi umum krl pulang bner kacaw kepala slalu kejedug mo trun maki dl biar ngasi jalan lwat turun akhrnya pindah haluan transjakarta msh mending tp masya allah sya pkir naek tj bebas hmbatan padhal uda pnya jalur sndr tp macettt parah gegara kendara pribadi msuk jalur busway makan waktu lipat sampe kntor slalu kbagian kursi stelah lelah akhrnya mutusin naek motor aja efisien waktu,negative
tikus tikus pasa ngiler cuan cuan,negative
nerapin erp tp gausah bayar pajak lumayan looh potong pajak,neutral
klo uang bangun hemmm banyakin istri banyakin deposit pribadi aje yeee,neutral
aja erp timbal balik kendara umum gratis,negative
nan,neutral
sepeda gowes broo,neutral
beli kuda,neutral
dih,neutral
nafas area umum bayar triv,neutral
solusi remote,positive
imbang tingkat kualitas kendara umum tuju yuk indonesia maju,positive
uang manis madu haik haik haik haik haik,positive
gimana gaji pas pas lintas jalan,neutral
dimintain duit negara duit hutang rakyat beban jalan tol bayar mantap,negative
susah aja masyarakat tengah bawah,negative
hitung keluar aja ttp motor aja hehehe,negative
ojol kurir kasi,neutral
ikhsan jam tidur jam,neutral
bagus klo tunjang kendara umum kurang tumpu kendara transportasi umum contoh halte busway bagus apa halte revitalisasi klo fungsi ny tampung tumpu tumpang bilang gak efisien,negative
demo ojol kurir dll atas dingertiin ngertiin susah tahan gaji pas an perlu juang butuh keluarga anjirrr curhat,negative
yaudah iyaa,neutral
penting duit baik jalan pungut doang fasilitas gak ubah kendara umum aman,positive
bener owner jakarta alias dki dkk aja bayar segitu receh lha gimana klo kurir mo anter barang ojol cinta ojol alih busway jalan bayar aja buswaynya penuh gimana klo bayar ular antri dki koq nyusahin rakyat benahin transportasi umum maksain hendak dki,neutral
gimana ni cuy jalan aja tarif moga dapat tingkat cuy duit ni,neutral
pake krl,neutral
klo jakarta macet gimana tanggungjawab,negative
negara kocak dunia atur ramu lulus fakultas dodol terima kasih ilmu lagu generasi please jngan tiru,neutral
iye kirain mobil doanx kacau bnr mending kendara umum dh,negative
buru kelar ibukota jakarta mulu cecer muak,neutral
mbaaa,neutral
daerah erp,neutral
mt haryono,neutral
rangin kemaceran daerah bayar nambah macet tempat free solusi,negative
its all about money solusi macet,neutral
hadoh,neutral
nan,neutral
protess besar ojol tarif minimum jarak lewatin titik jalan bebayar posisi muter uang parkir resto gedung kadang cs kasih parkir rb parkir nasih cilik,negative
gak kurang macet kendara motor kendara bayar penuh jalan,negative
tuju jalan bayar hari ojol kali bayang biaya,neutral
mekanisme gimana kaya ojol opang kurir,neutral
kasihan kurir ojol kasihan kantor motor sedih bnget,negative
modal kampanye duit,neutral
fix sepeda,neutral
info laku mobil motor listrik,neutral
nasib ojol kasi bolak anter tumpang,neutral
masyarakat transportasi umum tp udah cek blum layak tumpu gak nyaman solusi baik terap fwa flexible working arrangement serah usaha tp atur pemda gin kesan duiitt,positive
ngk tuju,neutral
dipalakin,neutral
cekik truuusss cari celah kuras duit rakyat blm puas duit pajak kendara parah ni,negative
salut warga ibukota kuat kuat banget orang daya minggu aja udah gila hidup moga rezeki waras,neutral
motor tol bayar pda bikin jalur khsus sepeda mending jalur khsus motor jalan tol aneeeh dh kyak sarana prasarana transportasi umum pada mengcover masyarakat aja tepok jidat dh,neutral
plat merah kena atur,neutral
iya perintah tenang duit,neutral
wfo cc,neutral
wkwkkk pajakin,neutral
bijak kadrun aneh aja,neutral
lucu bgt,negative
legal action kendara motor,positive
peras aja trus,neutral
duit bgt dikit dikit bayar,neutral
duit trus,neutral
kendara bayar pajak jalan kena biaya,neutral
gilak,neutral
suka rapat mangkanya aja putus bikin berat rakyat dki,negative
gilak yak,neutral
haduhhh nggk atur haduhhh,neutral
udah miskin banget,negative
bayar upeti cuaks,neutral
gile bener dahh,neutral
ngerti yaudaaahhh one,neutral
pake solusi jalan bayar neken beli kendara pake solusi jalan bayar masyarakat aja beli motor cash kredit,neutral
ahh telek,neutral
tutorial hancur negri manusia pribumi,negative
tunggu komando,neutral
gimana nasib ojol jalan bayar gin,neutral
tuju,neutral
iya bnr gila bgt hdp jkt blm macet blm banjir blm warga jutek mau hebat tahan jkt,negative
guna bayar pajak bayar aja kaya gampang gaji umr bulan gimana nasib jakarta peras ky gitu gx hasil gila mati lapar gara gara kudu bayar,negative
tuju wfh,neutral
gak bayar gitu aja repot gak portal klu model erp,neutral
negara ras rakyat dzhalim banget astaghfirullah laknatullah kuasa dzhalim,negative
cashback,neutral
negara laen uang rasa manafaatnya sejahtera rakyat ujung uang bancak koruptor udah bagus emang jalan mo suruh bayar,negative
gin wakanda pinter banget klo ras rakyat pake produk rancang,neutral
kolonialisme nampaknya konoha biaya panggil biju,neutral
jalur sepeda kaya dikenain biaya tah,neutral
ig suka suka,positive
klo jalan udh bayar bolong tuntut perintah,neutral
beb,neutral
besok jalan kaki aja,neutral
welcome to jakarta indonesia,neutral
anker aja kayak akuu,neutral
tpi numpang kereta wanita,negative
ddiiihh,neutral
guna tj krl dll membludak bareng benah tingkat armada ujung tumpang rugi dalih jalan bayar kirim barang ojol sulit otomatis ekonomi sulit gerak gimana solusi,negative
aneh aneh aje,negative
nambah beban rakyat aja dih,negative
banget bangettt bangettt jalan aja bayar skrg gin aja mana in duit bayar pajak stau infrastruktur jalan bener in jalan jalan aja lubang jalan halus kaya sutra bayar jalan an kaya kaga rata boss tolong pikir in solusi baik ngga bikin macet bikin macet mana liat aja,negative
ngga paham pikir jaman now ketindesss aje moga sehat,negative
gagal perintah kota selesai ujung rakyat sengsara perintah bisnis rakyat,negative
bener din gitu bayar pajak teh taun naha kitu lieur wae,neutral
bebas pajak,neutral
rakyat ud susah bikin susah allahhh,negative
blok,neutral
jelas terap baik uji coba cocok terap jkt dampak putar ekonomi masyarakat krisis ekonomi global jalan atur turun ekonomi bangkit perintah,negative
mustafa husss tenangg tenanggg bsk pasang panggung dangdut smua penjuru kota jakarta biar smua,neutral
amsyong ampe jalan raya hari palak krisis ngk bnyk atur aneh muncul skrg,negative
gubernur rakus uang,neutral
jalan kaki bayar,neutral
loe kaye ape loe kaga baca bilang berita woy nyata msh tetep gratis kate bayar aja kaga byr negara poland mlh byr smuanya serba gratis sampe ngga aja byr bln anak hinga dewasa ungsi byr bln tinggal mreka gratis listrik gas air dll mreka ngga byr,positive
azhari anjir tahu komen,positive
negri konoha,neutral
naikin harga mobil motor aja gasih ngapain bayar jalan gin we paid for them with our taxes and now suruh bayar lol pemda dki is fucking joke since that dimwit pangkat,neutral
precisely agree with your words jakarta soksok majuu alesan galak program kendara umum gin not all areas jakarta tu dilewatin kendara umum,negative
kurang macet solusi jalan tol bayar mahal macet,negative
enny,neutral
this gonna be real bad for them grabcar like didn they think it through properly,neutral
zah,neutral
transportasi umum jakarta emg udh kembang jaklingko armada prasarana tunjang tambah september guna transportasi umum jakarta juta populasi duduk jakarta aja udah juta juta aja antri halte busway krl udah gila asumsi aja terap erp guna transportasi umum tingkat juta guna gak efisien gak produktif kerja kantor kriminal transportasi umum rawan tindak kriminal kaji pemprov dki,positive
perna angkut umum jam pulang blg,neutral
udah tambah engga engga salah tahun bus listrik tambah unit kaya hitung kaya gt duduk rumah jalan terap bayar jalan jakarta sulit hitung detail tambah lrt jabodebek mudah udah pakai juli mrt fase dikerjain lrt jakarta salah udah didiskusiin panjang stasiun manggarai lrt bogor harjamukti udah masterplan ud disiapin main suruh pindah transport publik data pemprov siapin draf laksana siapin draf,negative
seinget jalan atas lrt jabodebek notabennya tahu potensi urai guna transportnya,neutral
pakai asumsi juta data juta guna data dishub dki kerja proyek uji coba terap erp waktu tunggu infrastruktur mass transport pada laku uji coba erp terap uji coba erp segara laksana,positive
tau atur rapatin drpd jakarta laksana tahun kapan bener tahun sesuai pas lrt jabodebek pakai umum,positive
inti bener siap matang trasportasi erp jalan efektif,positive
dapat pribadi mending atur diterapin mobil jakarta banget mobil kapasitas tumpang isi percaya coba aja renti menit aja jalan jakarta hitung rata mobil dua bener bikin macet jalan motor tuju kalang motor kalang dimensi motor begitu makan jalan bawa kadang arogan tinggal tilang cabut sim kaya negeri,negative
motor peran macet jkt penguna motor dki juta smentera mobil juta data bps macet dua kontrol,negative
agil,neutral
aneh sengaja keluar biar ramai masyarakat keluar sosok pahlawan tantang rencana ni masyarakat kagum sosok tsb moga aja halayan liar sya,negative
aja abu nawas nyari duit ide,neutral
bayar,neutral
kesi bgt abang ojol gofud skali rb ongkos kirim aja kdg gasampe rb,neutral
laku jalan bayar karna kendara bejubel terap kurang macet fokus aja sampe gak kelar sikat akar batas produksi kendara bicara regulasi,negative
wkwkwkw tuju suruh main halte stasiun biar liat antri jubel kayak,neutral
udah lakukam ttp aja macet krna akar gak berantas batas produksi kendara,negative
males taat pajek kendara,negative
tuju tambah beban masyarakat pikir solusi kasihan kerja kurir bolak lewat jalan bayar tsb uang ganti parkir aja bngt,negative
hidup jokowi hidup jokowi jokowi rakyat bahan bisnis,positive
mimpi buruk rakyat suruh bayar fasilitas bangun uang rakyat regulasi akal beban rakyat solusi kurang macet tolakerp berpikirkritis,negative
klo gaji aja pajak rakyat,neutral
pungli ala elektronik jalan umum tagih uang,negative
buzzer gubenur give away bgt dukung,neutral
nafas bayar,neutral
kayak bawa mobil aje ngeluh,neutral
wkwkwkwk modarooo,neutral
jam kantor ganti jam ampe jam,neutral
iya macet tumpahin jalan alternatif warga,negative
bayar motor pajak gak,neutral
sony lupa jalan kaki jakarta jalan mpe bawa aqua galon isi kosong awok awok,negative
iya,neutral
sony oke bro bcara bayar memilki dapat ump dki pp bayar erp kata sisih hasil dapat ribu sharsnya alokasi butuh paksa suruh perintah bayar save hasil dapat transporasi publik kondisi jakarta pada nyaman tunggu bnyak titik titik nunggu transportasi mnit alhasil efisien waktu berangkat pulang efesien kendara peribadinya benah dapat ump transportasi bandingin nagara maju bayar dollar dapat banding oke oke aja tetap ump aja bawah ump,positive
booking cwe pake michat lt rebu murah,positive
solusi aneh jln toll bayar tetep macet klo niat murni bikin duit tinggal jatahin aja usaha kartu mobil kartu motor bisnis pake kendara hrs pake public transportation plus perintah siapin shuttle bus gratis bandara stasiun ka ui beres klo motivasi duit murni ngatasin macet doang,neutral
untung warga jkt,neutral
tuju nikmat atur reward kendara das mobil isi jam sibuk,negative
ah elo emang arah kesana pas sanggah pura gak nyalahin coba nyalahin anies nulisnya,neutral
aldimaulana bantengers miskin sok bela,negative
gagal perintah susah warga,negative
indonesia jalan bayar ntar nafas bayar,neutral
pa bayar macet alas macet cari uang receh rayakt nas,negative
gak ttp macet sejati indonesia rela hutang gaya,negative
bayar pake bikin gardu etol jaga bayar kejar,neutral
gak keren solusi klo ujung bayar,neutral
jack linko,neutral
hindar gage jam pagi aja berangkat rumah jam subuh bangun jam subuh sholat it skrg jam subuh erp bangun jam sholat it cepetin cusss yampe kantor jam sarap kang bubur ma nasi uduk bom,negative
cari samping bnyak bro gaji ma nutup ma cicil rumah bom gaya hidup,negative
gimana bikin car free day kecuali angkut umum,neutral
bayar trus minat erp tinggi macet,negative
buzzer dewa desain hru,neutral
sony aje noh ojol mondar mandir gak dipikirin kesitu huh,neutral
ojol bongkrek bawa paket hari blm daerah rb kasihan bgt ojol tindas,negative
uji coba kacau timbul,negative
nambah pajak nambah miskin,negative
putus biadab,negative
tuju jakarta bayar pajak jalan biar sehat irit polusi kurang mahalin jakarta,negative
logika sewa bumi bayar manusia numpang bumi bumi abad abad free aja planet bumi hati kasih jatah tanah air udara awan panas dingin api emas timah tembaga batubara dll manusia serakah,negative
kekuataaan uang rakyat,neutral
kasi ojol situ bayar blm customer bayar tar cust blg muter aja jalan tau boros bensin,negative
pajak kah,neutral
kasi ojol demo,neutral
solusi,negative
masalhnya bayar uang jlebbb trus bnyak jalan macet karna saking bayar,negative
niru negara maju ngurangi macet tp transportasi umum bagus negara maju ngimpi alas aja ngurangi macet bilang aja butuh duit emang bayar pajak kendara uang lari bangun minta uang,negative
teknis gmn dipikirin,neutral
macet tempat gak bayar,negative
sony kerja jalan gaji gimana,negative
betawi duit badan sehat palelo bayarin,positive
bayar plat hitam plat putih gratis,positive
bayar ok biaya stnk tahun turun,positive
oiya,neutral
plat kuning plat merah plat tni polri,negative
bikin macet plat bebas pake awal,negative
kejut tahun,negative
pikir ikut,neutral
bayar via om,neutral
oohh biar rakyat beli mtr listrik,neutral
usulin ojol motor plat kuning kasi ojol kenain erp,negative
bikin macet,negative
pajak kendara ilang,neutral
paksa beli motor listrik biaya listrik mahal,negative
motor listrik keranjang depan,neutral
guna bayar pajak we,neutral
ganti gubernur jakarta saikkk bangun otak mya duit duit duit mulu et,neutral
sribu kendara lintas aja untung jalan baik pajak ngga modal sbnernya uang,negative
hahaha aprov,neutral
ojol demo,neutral
bikin macet kaum dek kawal huftt konoha,negative
akal an,neutral
kaya banyak hutang meres rakyat,negative
demo,neutral
tukang plat nomer rameh order,neutral
menyelsaikan mslh masslaha,neutral
parah,negative
akibat gembar gembor bangun hutang rakyat tanggung,negative
kaya bikin korupsi gak pake mikir,negative
porotin pis sma negara cinta bngt indonesia sistem,negative
mulyadir nasib ojol kur dsb pake tranfortasi masal udah bensin muter jalan orderanya udah jarang titik antar jalan bayar,neutral
ntar pajak udah udaj naikin gitu aja uang perut,neutral
irawan roda,neutral
jalan preman jalan umum suruh bayar,neutral
atur langgar mari langgar jamaah,neutral
negara bijak bayar gin disingapore,positive
negri konoha,neutral
situ wkwkwb,neutral
nugroho anying bawang merah ngab,neutral
udh miskin banget kah bayar trus pajak tilep be tros,negative
maap pajak tutup hutang negara yagesya,negative
ssusujahhe orny tag iya kak tuju tengah bawah ngikutin tegah tengah bawah tetep liat aja pokokny tengah gitu masalahny ngebuat tengah bawah ngikutin gaya tengah atas karna standar masyarakat banyak nilai pandang fisik fisik badan lifestyle mindset ngebuat tengah bawah bilang mirip gaya hidupny pandang women liat liat lagu salah budaya indonesia lekat masyarakat budaya ngomongin iniopini,negative
gak aja dunia bungg hadeuhhh,neutral
depok bikin,neutral
parah,negative
pt,neutral
yaallah,neutral
saking miskin malak jalan rakyat hasil apbn,negative
biarin aja tahu nakal sambo,negative
pungli tidakk,negative
ahh gila motor karna murah kendara umum beda klo mobil banyak gaya doang kaya mobil kredit nunggak bikin macet mobil klo motor bodynya macet minggir bikin antri,negative
pantesan ronaldo pindah arab,neutral
gapapa bayar nganggur bayar chhuaakkx,neutral
sulit coba timbang ambil putus atur rakyat layan sulit,negative
gmna dahh sruh trus bayar pajak,neutral
anies tolak wacana alas warga hak jalan dki biaya batal pergub larang motor sudirman thamrin ahok,negative
aduh susah aja gerak,negative
ardi ipan komen baee,neutral
trus guna bayar pajak,neutral
pdhl udh bayar pajak msh aj disuru bayar,neutral
macettt parah,negative
min usulin ngijakin kaki aspal trotoar suruh bayar langkah hargaain rebu perak,neutral
nafas suru bayar,neutral
konsep matengin dampak positif jalan bayar akses jalan utama pegawai notebennya dilur jakarta,negative
duit rakyat peres,neutral
gagenya hilang msh,neutral
nyusahin rakyat,neutral
duit serius nanya,positive
moga transportasi gratis,positive
uda tinggal negeri aja ngak cocok tinggal,positive
udah izin bom min nyomot gambar,neutral
cepet sembuh negara,neutral
pea bayar pajak loh tahun motor mobil trus uang pajak,neutral
mh,neutral
ay store link demo demosoftwareac password demoversion school erp software play store link demo or password aap login karke chek karle charges for one year free for all students and teachers we are dealing in school uniform tie belt bez logo etc we are dealing in school uniform tie belt bez logo etc for school management application click for chek collection visit over insta profile visit alos facebook page also book your products click here join telegram channel also,neutral
ada atur rakyat senang sejahtera kayak atur urus duit mulu,negative
klo bayar jalan macet jalan mulus gorong tengah jalan klo bayar macet aje boong brooo,negative
mikirin nasib ojol gimana dapet order nglewatin jalan bayar klo muter muter nyari jalan kasi argonya jarak tempuh,neutral
cuan cuan cuan,neutral
tahu kentut sembarang tarif akibat dampak hutang roket rakyat imbas nafas tarif,negative
amin allah,neutral
wkwkkwkw gbsa jln gabut gratis,negative
wtf,neutral
pakai dah bayar gak kadang mikir kasi amang ojol kerja muter jalan,positive
emang umur gin lucu inaa kendara pribadi gak,positive
jalan jabodetabek pake kendara umum mbakkk kendara umum susah akses muahall bom gaji umr nasib buruh kya taxol ojol gimanaaa mikir mbak sudut pandang,negative
chazie tuju mbak emng rental rental gamau tau hari bayar kya taxi online untung apaa yaa,neutral
raymond tuju nihh kak bgt karna kota daerah deket jugak,neutral
sok bijak,negative
ayo ci lupa bawa mobil,neutral
transportasi umum baik armada tambah capek nunggu halte sekali udah penuh,negative
contoh otak dengkul gin,neutral
jalan pajak rakyat hrs byr wkwkwkwkw,neutral
baca atur onoh pemprov dki uang apbd dki,neutral
darm hubung atas tulis hlo program pemprov dki uang apbd dki gak bayar utang negara,neutral
maap terap pemprov dki pempus uang kantong apbd dki,neutral
salah satu singapura,negative
tanggulang salah uang loh uang contoh gage in,negative
be smart bro ngandelin uang,neutral
oiya masuk apbd jakarta yamudahan aja kantong tikus nackal aja,negative
gak tuju bro terap erp komentarin kalimat bilang periode habis bilang pakde proyek pusat anis udah abis habis atur jabat dki,negative
solusi,negative
and,neutral
mikir positif aj bijak perintah biar dampak positif ngulang macet meminimalisir abang grabcar gocar ambil order nyicil jual tu mobil berat bayar marebo trus perintah solusi angkot mrt atas tumpu tumpang tepat tambah armada kapasitas tampung tumpang macet liat aja depan,negative
zameena ngulang ngurangi,neutral
sisa bayar pajak tahun ganti ban mobil pikir tahun trus awat mobil,neutral
franciska bener macet atas gj bawah juta ambil mobil bekas cash nyicil,negative
cerdas banget syihhh biar mikir gaji bawah juta sok sok an beli mobil trus nambah mobil emang pajak naik tolong harga mobil bawah juta,negative
saking puyeng minus liat komen dagang minus,neutral
kocak ktanya nurunin angka pakai bbm dn maju kendara listrik tp emang nganter anak sekolah aja skrg jaman motor mobil pribadi cb sekolah mewah laku bus sekolah kdg pagi macettt sma mobil anter anak sekolah ampun,negative
ngapain,neutral
tp sbnrnya pajak progresif dn loh ngitungnya by name tp kartu keluarga klo emak anak motor nama otomats motor pajak dst bhkan pjak pph thun,neutral
zameena iya filter beli mudah beli mobil motor lahan parkir mesti disikapin,negative
alesan aja biar dapat korupsi bnyk yakan,negative
knp jalan spy industri otomotif maju batas,negative
nggak bener indonesia,neutral
sistem dijakarta udah kaya abang an gila bayar mobil motor rb ribu mobil motor kaya nye gilaaa gilaaa,negative
thbhjhttf hgggfghhbbyy,neutral
bayangin,neutral
kuda ja,neutral
asa dipalakin preman,neutral
aspirasi batal sebentar jakarta ibukota sulit masyarakat akhirat pertanggungjawabnya berat,negative
era pa anies warga jakarta fasilitas angkur umum mumpuni era pj bikin jalan bayar rugi tolong kebijakann kebijakam era anis gaungksn ayo laaah kreatif bikin kebijakam pj titip sengaja bikin kebijakam anies semrawurt,positive
demo erp tiada,neutral
mending lrt selesai masyarakat tolong jalan,positive
maksut program motor mobil harap pergi kerja angkut umum busway komuter jak lingko ojol klo lapang jam pulang pergi kantor kendara umum yng penuh desek desekan copet sempat leceh seksual udah terapin erp kendara umum hubung praktis kawasan bundar senayan rumah daerah gang sentiong angkut umum jalan keramat raya busway jalur muter arah harmoni transit harmoni pilih arah blok bundar senayan udah nunggu desak desa ah repot naek motor cepat menteng potong hi lurus jalan sudirman bundar senayan sampe menit hemet waktu uang kendara motor istri klo terap kaya sanggup bayar bayangin minimal tarif,positive
batas macet contoh rokok lebeli rokok bunuh mu gambar tetep aja ngerokok naik larang beli keteng tetep aja bnyak ngerokok pintar pintar jabat negri ajar efektif coba benah fasilitas umum transportasi cek lapang sperti data brapa angkut umum sedia data kampanye pilpres pilgub aja kampanye,positive
saran laku dekat cekik masyarakat,neutral
transportasi umum gak mumpuni main bikin atur enak jidat duit mulu orientasi dki kayak sengaja ngusir warga dki pelan pelan bikin gak betah biarin aja ntar kota mati maruk bener duit kayak bawa mati aja,neutral
jabat gubernur dki legitimate bikin susah rakyat masyarakat dki sadar diri pilih warga dki,negative
batalin aja,neutral
bikin kantong parkir buanyak jalur tj mrt guna motor sebenernya ken mrt tj gitu jalan kesana bingung ojol halte jatuh mahaal kantong parkir umum kendara pribadi jalan transit gituu,negative
benah transfortasi umum banyak armada rute klw byk pindah transfortasi umum tarif naikin,neutral
jakarta macet,negative
mana tingkat transportasi sekitar jabodetabek akses transportasi transportasi udah luas jangkau erp laksana lupa pajak mobil harga mobil naik,negative
nyusahin aja,neutral
atas plt lamaaa,neutral
lupa da wacana,negative
jembatan bayar,neutral
bener mobil only,neutral
pajak kendara pribadi mobil dinaikin aja tarif gregetan liat mobil jalan macet isi driver tumpang bikin penuh jalan aja liat motor ugalan main selap selip jalur tj gregetan erp diterapin jalur laku sistem ganjil genap kayak seru banyak armada tj jam sibuk pergi pulang ngantor capek nunggu le patra kuningan stgh jam ujung transit simpang csw tj le minat bgt,negative
erp mobil pribadi aja hasil ojol orng gaji pas pas hrs bayar upeti uang gaiji aja perlu keluarga biar cari lebih makan anak istri,negative
ngajukan raperda tahun pas jaman anies ngak kasi makan belah chuaks,neutral
tuju bgt pdhl ngajuin raperda pas tahun gak salah pas jaman anis loh knapa hadeh,negative
emg udh jaman anis gak suka nyalain aja lanjut laksana salah tahun,negative
maaf diskusi bela anis data valid zaman anis terap erp pribadi prinsip pimpin kritik kurang,negative
masuk masyarakat masyarakat udah gak tuju erp tuju erp vendor investor kapitalis,neutral
mandiri cari jaman canggih pinteran hp guna,neutral
coba cek do google,neutral
iya bgtu,neutral
nama diskusi bawa wacana bawa data gimana cari diskusi jatuh,negative
terap,neutral
alih fungsi transportasi umum luas skrg aja transportasi umum pada pake kendara pribadi tp tetep aja transportasi umum gak nolong,neutral
afa iya,neutral
udh pajak pajak bayar masyarakat cari aja mudah udara jkt bayar wkqkqk kusuttt,negative
rill min,neutral
negara udah nerapin singapura swedia jerman inggris mana dapat kapita singapura gaji rata angka kita pindak ikn nunggu pindah terapin,neutral
saran benah dl transportasi publik utama rute salah liat sisi positif saran salah,negative
warga jkt titip suara demokrasi gerombol banteng maling bansos bukti licik,negative
ngapain pakai erp bayar pajak kendara jakarta bkn jakarta tp jabotabek jalan jkrta transportasi umum udh ancur benah nunggu klo telat kantor gaji potong gaji habis bayar erp doank,negative
suara gimana komentar dengar gak udah capek capek ngetik gak dengar mao ngapain masuk ngeri salah ketik ngeri uu ite,negative
tutup aja pabrik mobil,neutral
pahlawan siang fans chicago bulls heppy,negative
coba bikin aja kendara pribadi minggu siapin moda transportasi massal pada tau situ masy rasa manfaat lalulintas lancar terus,positive
tambah iming kredit giur mudah byk beli kendara,positive
trus profesi sbg ojol gmna dapat bayar jalan,neutral
cetek,neutral
kasi ojol mobil motor udh murah,positive
athar gaung doang transportasi publik alami tingkat era anies engga lrt jakarta aja lanjut,positive
aspek tingkat busway busway merah layak museum,positive
bener bener republik sulap gak tiadaaa bimsalabim abrakadabra,neutral
warga indonesia bayar pajak gak,neutral
zhar fakta emg anis usul bilang jelekin otak dmn bohong gitu biar neng emgnya pacar wkkwwkwkwk,neutral
zhar msh sehat otak baca,negative
zhar lengser anis usul tuju tipu kaya biar hepi sori wlwkkwkwkwkw neng tipu emgnya,negative
fokus heru aja berani cabut erp gak celana lock gak tag,negative
coba merem tengah jalan,neutral
mol subsidi kontra tu bijak,negative
tolak erp jakarta sampe sah gak mikir situasi sulit tambah beban rakyat,negative
tau beda pribadi online gimanahhh,neutral
kasi tinggal daerah situ rumah bayar,neutral
gocar grabcar klw erp,neutral
lengkap,negative
enteee kadang ente,neutral
tarif tp parah tinggal jalan contoh panglima polim rumah bayar,negative
lancar,negative
sederhana jalur bayar guna bebas macet pimpin perintah ayom rakyat beban rakyat objek bisnis,negative
jalan kaki bayar biar kas penuh,negative
negara bisnis rakyat tolak lupa keluar statement tsb,negative
ayukk jkt demo hidup berat jalan sj hrs bayar kekk bayar preman resmi,negative
biar macet,negative
trus eksekusi tuju gitu hah,neutral
program usul anies emang program gubernur serius nanya,negative
zhar gak eksekusi anies dukung kurang macet gamasalah pimpin partai will transportasi publik bijak anies dukung tarif integrasi ribu gubernur bikin bijak gitu,negative
suroso gak dukung subsidi motor mobil listrik aja bikin macet mending subsidi kereta listrik bus listrik,negative
good adil nilai lanjut,negative
banyak armada transjakarta,positive
hmmm gonggong buzzerp sni,neutral
dapat,neutral
selamat negeri mavia pajak,positive
zhar blo on rencana mmg sutiyoso jalan anis usulin tuju kampung to lol gin aja nanya emg to lol serius nanya kaya wawas rendah bgt nanya kampung bgt,neutral
knp tuju ama anis uda cabut uda suruh disetujuin anis otak dmn,neutral
bilang ngusulin anies nyebut gub sutiyoso fair tuan pintar,negative
zhar brt suruh makan ta makan cek erp jalan tong anis munculin usulin kampung to lol bgt,positive
zhar anis usulin go blok bgt pusing kampung lot bgt,negative
otomatis macet parah jalan pilih jalan gratis udah bayar pajak,negative
macet ganti gang,negative
gub skrg berani gak,negative
wacana cabut aja usul balai kota berita wacana cabut dijalanin gmn cabut tp usulin wkwkwkwk cabut aja bulu idung,neutral
gara ikn pajakin peras terosss rakyat,neutral
pj kecewa warga jakarta hilang sempat gubernur sungguh dipilkada,negative
ngeksekusi gimana berani kritik,negative
pemikiranya kalah ama anak smp denger denger jajan,negative
fungsi bayar pajak,neutral
hidup jakarta aja nambah biaya hidup,neutral
ni psi waktu sila,neutral
rakyat sejahtera haris bayar jalan bayar kencing bayar bab bayar mandi baya bayar keluh,neutral
anies said jaman,neutral
zhar eksekusi tuju uda disetujuin otomatis jalan uda perda bo doh bgt tau perda go blok bgt serah aja cuk kaum kaya emg lot otak hiduplu ubah uda to lol ngeyel serah aja gmn enak wkwkwkwkw,positive
ayooo celana balaikota dukung or cabut,neutral
andai jln sudirman bandung jakarta bebas dagang pasar sampah buang tumpuk dimlm hri dijln sudirman bandung seblm belok jln jamika andai,negative
gg aja biar gratis,negative
kabar jln anter jemput skola dfa abdat arguby,neutral
kuduna sarua bandung ge amih teu macet,negative
bayar pajak kendara palak borokokok siah,neutral
males jkt koq tinggal aja gal kaya kota nan modern bahan dunia,neutral
bandung cimahi,neutral
bandung cimahi hahaha benerr yaa alhamdulillah ahh,negative
solusi kurang macet,negative
yu pindah bandung jalan smua gratis tp byk begal,negative
korups ups,neutral
chacan udaaa pindah kebon nanas ajaaa,neutral
pajak diskotik,neutral
gak daerah terintergrasi transportasi umum kantor menit mobil motor kendara umum jam kantor bantu kantor gak bantu,positive
mobil jabat bayar ngga,neutral
pinter bgt perintah impor motor mobil aja digencarin jalan suruh bayar,neutral
mantap kang,positive
negara sdg sj,neutral
jajah,neutral
bandung cimahi kabayang ngageder na jagat indonesia full berita na jam,neutral
perintah stop aja jual mobil harga murah pajak mobil dimahalin kaya negri cobaaa,positive
sistem gimana tap kartu wang lgsg setor bikin bijak iming iming kurang macet cari lahan korupsi karna mentang pidana koruptor rangin taun yaaa skeptis warga indo,negative
rakyat sapi perah njir,neutral
stopbayarpajak,neutral
ni perintah duit,neutral
kota kota dunia nama the congestion charge biaya macet bayar solusi masyarakat kendara umum,negative
negara konoha ngeri bayar,negative
neang duit jang ikn nepi ka kieu na ampun gusti,negative
bayar pajak kendara klo bayar,neutral
sae pis eta kitu kendara pribadi kaya hemat pakai angkut umum,negative
suhaedi bayar kalieee bayar tol bayar,neutral
okeh besok sepeda ajah,neutral
jalan bangun uang pajak jalan bayar hehehe,neutral
miskin,negative
denger transportasi umum naikin tarif nyaa,neutral
klo upin ipin bilang,neutral
ketawa bayar nguap bayar,neutral
akwokwokwok,neutral
tiru de anggap jalan tol juag,neutral
komen medsos bayar,neutral
mari tarif jalan jalan gang,neutral
teu hayang teuing warga jkt boros,negative
jekarte berduid gak duid minggir gin endonesah,neutral
bukti gagal dalam kelola kota negara anggar butuh apbd apbn rakyat manja akan jarah hak hak tenang,negative
salah anies,negative
konyol nihh parkir rumah sndri bayar,negative
ngorong ngeludah uda bayar skrg jkrta,neutral
bandung cimahi bener pis mun seug jaman anis nga beredel cing jorowok toa ge eleh,neutral
tuhan cipta sglnya unt manusia gratis jln aja suruh bayar,negative
sulit kredit kendara solusi macet,negative
hati makan amarah dikerjain perintah jelek mata masyarakat satu herannn perintah bikin mesjid aja diomelin kemaren pdhl komen blm mesjid herannn,negative
maju paksa gaji umr habis jalan aja klo maju rakyat ny peras jabat perintah mang kuasa amanah contoh rakyat,negative
kira wc aja bayar jalan,neutral
emang tuju biar masyarakat pake transportasi umum urai macet ngurangi polusi mobil pribadi rata rata gaji atas umr kecuali grab jenis mobil aja isi bensin rata rata rebu motor liter hari kondisi lintas jakarta macet boros bahan bakar gitu mending pake transportasi umum murah jadwal gitu,negative
nasib ojek online gimana bolak anter tumpang udah tarif rendah tambah bayar kasi,negative
rata rata hidup ken ngorbanin apa gitu wkwkwkkw pokok mau untung terusss,negative
danish bensin ayo transportasi umum,positive
suami driver salah logistik mondar mandir mana uang bensin biaya mudah bijak kendara kerja sperti suami bijak pemprov usaha,positive
allah,neutral
wfh macet kurang polusi bukti kurang usaha jalan sistem wfh koordinasi pemda urai macet usaha jalan kondisi umum lancar bikin bayar aja bikin masyarakat nambah keluar tp gaji naek hadeh,negative
usaha sesuai kendara pribadi kendara umum kendara logistik beda,negative
wfh aja,neutral
bikin mlarat mlarat baca pake nada iklan susu cap,neutral
banyak kendara membludak halte laku armada malam pegawai shifting kerja bantu oiya nasib ojol driver online patut timbang,positive
peres duit rakyat bsnis rakyat,neutral
stop produksi kendara pribadi banyak kendara umum,positive
bbm mahal pajak pajak pajak,negative
sebenernya sosialisasi gak sosial media review masyarakat transportasi umum tv youtube udah banget ulas positif emang masyarakat enggan gak desak desa gimana gak tau aja jalan macet macet,negative
gimana gaji pas bawa motor susah akses kendara umum,negative
pj titip galang dana atas hahaa,neutral
jkt goyang bapa selesai jabat,negative
mikirnya duit duit duit gapunya otak,neutral
habis pikir,negative
serah kuasa tuhan,neutral
macet pindah jalan kendara aja,negative
banget produsen otomotif target jual kendara jakarta prodak promo bikin giur beli kendara,neutral
pay to,neutral
angkut umum banyak bagus lupa jangkau plosok fasilitas bagus bikin tarik pejal kaki betah,negative
laah koq jalan tol yak,neutral
komplen aja kayak bawa mobil aja,neutral
aja duitin mek,neutral
urai macet ningkatin dapat perintah bener,negative
kadang suka heran bikin putus atur pikir nyontoh negara singapore diterapin butuh atur damping dapetin hasil kaya negara tetangga gapapa bener bayar selesaiin kelar nambah capek banget warga legislatif akutuh wkwkwkwk biar urai bodoh wkwkwkwk,negative
berat bawa mobil,negative
klo jalan ajh bnyk rusak kaga bener in jalan ber gelombang jdi rawan celaka,negative
gimana angkut umum renti jalan pke ojek klo jalan trotoar ajh susah ditutupin umkm blm trotoar benah emng bener udh berantas mafia biar salur dana sesuai resah bayar pajak rutin tpi fasilitas rata berita korupsi mana tahu msh lgi tahu,negative
sebenernya emang niat ngubah biasa gak nunggu negara maju nunggu tertib nunggu bersih tata emang gak gak jalan sebenernya jalan kaki gak emang jarak sampe doang berantas berantas mafia abang sebutin udah ranah salah keras pemkot tekan macet polusi giring masyarakat alih transportasi umum dsb udah antusiasme masyarakat program perintah tahap evaluasi tingkat fasilitas dukung terkadang perintah cermin rakyat inti niat laku aja gak nunggu negara negara baik dunia,negative
iya tpi klo dukung perintah susah klo bijak perintah benah rasa rakyat neng ubah karna nunggu sadar butuh niat kuat sadar petinggi pegawai sipil tanam pikir maju bangsa maju ajh,positive
bijak pro kontra udah kadang mikir atur tsb aja atur gin udah timbang mateng mateng dalam kena tarif sesuai jenis kendara kadang heran warga indo ken terima beres korban liat pantau aja emang rencana,negative
sebenernya dukung perintah kota jakarta warga loh antusiasme warga transportasi umum infrastruktur dukung tingkat kualitas mrt lrt udah saing unggul negara tetangga banyak fasilitas umum sepert taman ruang buka hijau dll aja warga udah aja ngerusak fasilitas,positive
iya klo ngerusak fasilitas udh angkat tangan klo liat kacamata banyak ngeluh karna udh mahal pajak bayar tpi hasil minimum segitu tpi aneh lgi rokok hari bungkus tau pusing hidup damai tentram ajh nyusahin,negative
topik rusa sisi hubung karakter warga serba gampang sekali kasih fasilitas dukung rusak gitu liat sisi negatif warga sebenernya aja perintah cermin rakyat wkwkwkwk,neutral
bayangin bayar ngantri jalan tol bayar aja udh macet klo bayar congratsss,negative
duit trooosss kntl,neutral
iya angkat tangan udh tolong gitu primitif,negative
cma mobil krna motor kaga,neutral
selesai,negative
guna bayar pajak kendara,neutral
gubernur giveaway aja ribet,negative
auto cuan sekian detik mao bawa mati neh cuan,negative
gila ndro,negative
bayar pajak besok besok,neutral
aja puter otak cari cuan rakyat pajak,neutral
prestasi lanjut periode,negative
demo demo demo,neutral
indah negri,positive
tolong aja uang mana audit miltyaran hari omset perhati gimana ojol driver online gratis jalan,positive
hasil lumayan dokorup,neutral
kangen anies,neutral
rumah daerah situ klenger,neutral
selamat nikmat,positive
bayar parkir aja pikir pikir jalan musti bayar,neutral
min,neutral
modjo jakarta,neutral
guna bayar pajak kendara sewa jalan negara meterialistisnya perintah,neutral
google map blm tau klo otu bayar klo map hindar jalan tol klo hadeeuh coba gimana tau,neutral
berplat dinas gratis ap bayar,positive
suruh bayar uang aja mana seriusnanya,neutral
aj aja dsru bayar udh kya palak preman jln aja asem bnr gmn maju negara klo byr ngurangi macet kya bgtu kya kga aja pjabat gmn pikir kga pikir,negative
demo demo,neutral
kaji perda pergub moga keluar bijak dungu terap erp jakarta,negative
tol bayar aja macet kata klo negara butuh duit bilang aja rakyat blg negara,negative
ngerti wakil rayat,neutral
kendara pribadi bayar indonesia bodoh aja,negative
jalan kampung macet parah pda belok cari jalan alternatif negara lgi butuh duit,negative
perintah neng bikin sengsara rakyate taubat sesal,negative
gubernur boneka gubernur manusia,negative
tambah parkir aja bedebat ama cs gimana tambah goceng sulit,negative
perasss trssoosss,neutral
luarr biass nyimak aj banyak bijak pro kontra,negative
kau halal,negative
hore lwat jalan bayar berat pajak kendara hilang,neutral
nafas aja bayar dijakarta tinggalkanjakarta,neutral
cohok,neutral
kasi yaa negeri lewat jalan aja bayarrr terbang aja ah besok,neutral
tolakerp,neutral
yth nasdem co id,neutral
sejahtera,neutral
kasi kurir abang ojol,neutral
miskin negara pimpin mental kacung,negative
utang negara bet kak,neutral
perintah zolim bgt,neutral
alhamdulillah rakyat nurut demo ojol aja demo,negative
otak pikir kaga,neutral
biadab bikin bijak pake otak nurani gimna nasib kurir ojol lapang dll ngotak klw duit angran amanah mas adzab kubur bingung sma elite politik,negative
kacau,negative
pantes dapat negara tingkat pesat rakyat susah tanah bijak bijak manuk akal pakk,negative
hebat negara miskin nyari duit malak rakyat,neutral
walah guna jalan aja bayar pajak bayar pajak bayar,neutral
pajak tahun kendara bayar bangun jalan daerah mana domisili milik tinggal erp bayar ruas padat kurang jalur nextnya pajak kendara bayar sesuai nomer polisi ganjil genap kec libur,negative
mindahin titik macet doang,negative
dprd mingkem,neutral
syukur tinggal jakarta,neutral
piye pakkk njaluk duiteee,neutral
nan,neutral
keras aja jakarta semangattt,negative
bener angkutam umum maksimal angkut umum susah desak semu jalan klw nunggunya angkut umum maksimal,negative
bikin macet angkot ngetem bikin bottle neck jalur kereta bogor jakarta tiap stasiun macet gegara angkot ngetem ngurangin lebar optimal jalan angkot ngetem jalur taper ngurangin lebar jalan akibat bottle neck,negative
emng jalan nenek moyang,negative
road tax kendara umum singapore,neutral
udah miskin negara rakyat msh hrs byr jalan bangun uang rakyat,negative
macet tempat bayar,negative
kendara batas suruh bayar pinter banget cari cuan,neutral
pasu transj mrt teman,neutral
pajak kendara kuta bayar buang angin harua bayar,neutral
bijak tolol,negative
baik fasilitas armada angkut banyak ada armada mini bus sampe macro bus,neutral
bayang jaman anies usul goreng,negative
tu tau,neutral
jalan dipajakin pajak mobil direndahin beli mobil listrik subsidi bingung,negative
mantap bagus mobil duluan motor susul tolong perintah duit dipake nambah fasilitas transportasi umum dipake studi banding eropa,neutral
jalan jkt aja udah sempit gali kabel ruwet endemi byk keluar isu resesi aja blm kelar jalan umum tarif cepet milu biar ganti perintah biar ganti program,negative
kaji pimpin negri bijak tsb dampak transpotasi publik pada nyaman aman dll klo tsb penuh yakin warga berlaih transpotasi publik contoh kereta aja napas udah susah desek an dll angkut umum butuh solusi solusi adakan laku erp,negative
bayar pajak,neutral
berita,neutral
tolaaak,neutral
work at home adlh solusi mngurangi macet,neutral
klo taun aja kompak bayar pajak gmn nasib pegang kuasa wilayah,negative
lepas erp ganti ganjil genap,negative
transit desak desa,neutral
atn bayar hutang,negative
sebener bikin macet banyak proyek kemudi gak kaya jalan lambat banget ngerem gt depan gak angkot ngetem dll,negative
nama ampas uang rakyat pimpin daerah mikirin uang fulus money cuan alat transportasi klo terap pindah macet jalan ide buruk,negative
transportasi singapura modern maju dapat warga ngaruh protes warga sama indonesia,negative
numpuk jalan gak bayar,neutral
knp rb rb biar sepi jalan,neutral
ashhafiz kayak ea games duit,neutral
baraja gede udh tau keluar sana brp udh tau living cost sana brp udh tau pajak sana brp beda jkt net profit standar karyawan beli mobil,negative
ak sana pajak gede living cost gede,neutral
doooiittt molooo setan,negative
klo gitu angka pikir awam taraf tinggi hidup,negative
baraja salary averages for year singapore average salary cashier sgd copywriter sgd financial analyst sgd graphic designer sgd mobile developer sgd product manager sgd receptionist sgd software engineer sgd teacher sgd web developer sgd living cost single person month sgdsingle person year sgd university student year sgd person family month sgd person family year sgd,neutral
musti pikir nasib kendara logistik kurir antar online food klo naik biaya logistik bikin inflasi barang area erp,neutral
lawan hidup goverment konoha,negative
bener bayar gak kecuali kecuali ambulans ma madam udah adil,positive
grabcar gocar kah,neutral
klo kya gin kaga ikhlas bngt bayar pajak nikmatin hasil keringat rakyat gila,neutral
emang tau darimana ojol,neutral
bijak manusia manusia tolol bin dungu rezim komunis,negative
kurir ojol montir gimana,neutral
suka nyasar gimana woee,negative
bnr pake mobil jam biar mobil ngak macet motor macet msh jalan ngak biar rata panas ujan gin ber ac teriak,negative
maksa bgt nyari pasu udah cekik tekor th kah smpk hbs saldo apbd,neutral
busway jurus naikin cepet menit rata nunggu busway menit nunggu buswaynya transit nunggu angkot aja kaji matang terap erp masalah tarif mahal keluar kendara pribadi kaji matang terap erp hipotesis aja,negative
itsnady dudul demo bsk biar gratisss,neutral
krl udah nyakitin kondisi manggarai erp,neutral
ikram engeh nyusahin rakyat,neutral
ojol mulu diliaton karyawan umr umkm,neutral
oke otw daftar ojol,neutral
ide pergi pk jacket ojol aja,neutral
stwn bikin macet komo,negative
rusak pancasila adil rakyat indonesia rezim,negative
hayawanun nathiq maybe gitu motor aja gratis,positive
cosplay ojol,neutral
asyikk titik macet pindah gang gang rumah warga,negative
megalihkan titik macet efek hindar erp minimal study negara nerapin erp diskusi buka ahli masyarakat,negative
terapin erp solusi timbang faktor transportasi umum pada coba turun liat nyata jkt sipaling otak,positive
daftar beli akun,neutral
demo dikit lgs kecuali gimana wibawa perintah suruh pake plat kuning aja,neutral
vinoo jakarta udah makan hari point utama aja udah jawab transjakarta telat sesuai jadwal faktor utama macet udah bantah point mudah transportasi umum ojol bebas erp catat syarat sendiri,negative
kondisi transportasi pada juta rakyat alih transportasi umum fasilitas biaya coba studi banding negara tetangga banding transportasi umum sana indonesia kontra erp liat situasi urgensi beda,negative
coba aja ybs,neutral
vinoo transjakarta angka dekat armada mana hari tampung juta hari hitung armada angkut umum mrt kereta transportasi umum tambah ojek online izin operasi erp terap solusi kurang macet polusi udara jakarta,negative
akun joki gimana nasib,neutral
erp kurang macet pindah macet kaji bener sblm bijak macet,negative
daftar ojol doang narik bebas liar,negative
emang erp udah payung hukum,neutral
nakes gimana profesi,neutral
ojol,neutral
pungli dalih macet,negative
teori atas kertas sesuai agan nyata lapang banding lurus nyata agan mrt jalur integrasi jakarta kaca singapura mrt settle terap erp paksa kondiri mrt fase bangun rute tambah biaya transportasi umum golong mahal terap erp fasilitas transportasi umum pada arti settle erp terap terap paksa alih transportasi umum pada,negative
fix daftar ojol,neutral
kantor udah daftar ojol kantor bayar erp,neutral
contoh sdm indo msh prihatin,negative
exactly overbudget overtime sok sok rasa karna gak ajakkk hitung paling gawe dapet transpor kantor kantor deket case close gak ajak first male and last male,negative
contoh pusat usaha batas mesti rata karna pusat usaha office auto jakarta karna usaha karyawan puluh ribu usaha mesti ambil karyawan lingkup daerah pusat gak menuhin jalan konsen,neutral
sebenernya pusat usaha batas milik kuota karyawan pusat situ mesti rata karna pusat usaha office auto jakarta karna usaha karyawan puluh ribu usaha mesti ambil karyawan lingkup daerah tsb pusat gak menuhin jalan daerah situ konsen,neutral
susah ojol doang aja erp,negative
muharif bayar,neutral
plat nomor daftar,neutral
nan,neutral
yupss ojol surat jalan surat covid,neutral
atur ny simpel ojol plat ny daftar plat kuning,negative
gocar grabcar gimana ojol motor hadeh guoblokx,neutral
bagainana opang gak pk jaket ijo,neutral
adeeeh jakarta jakarta bikin mudah bikin ruwet jln gg prabayar,negative
korup,negative
izin titik erp kudu stand by lokasi klo enga nnti bnyk pke jaket ama helm ojol pdhl akun cek ojol aplikasi aktif,neutral
hahahahha slalu kurang hindar tembak pake rupiah,negative
makasih ide,neutral
jalan tikus rame,negative
biar kenape sich jalan bayar jahat banget bikin atur,negative
mimpi buruk rakyat suruh bayar fasilitas bangun uang rakyat regulasi akal beban rakyat solusi kurang macet tolakerp berpikirkritis,negative
solusi kurang macet timbul benih kapitalis cenderung arah kkn,negative
nti atur kemudi ojol bebas baya erp tumpang kena wajib bayar erp hahaha akal busuk,negative
logis kaya alih moge gimana motor padar tod,negative
semerawut kayak,neutral
bener bayar kemudi tahun diikutin kota mana jalan bayar moga biaya opersional rumah bengkak males mana,negative
atur gak mutu,neutral
nnti daftar ojol ah,neutral
harga percaya sma dagang belanja jakarta ongkirnya,negative
sukses bisnis rakyat,positive
bikin atur gak pake otak ngakali rakyat aja bayar pajak mahal jalan biasa bayar bange nama,negative
lucu lucu negri,neutral
beda ojol gimana,neutral
besok lintas gang rumah tarifin kendaran,neutral
stupidest idea in the world,neutral
bikin atur mudah kaum gak macet tnp rasa nikmat buang waktu bayar antri jubel bau ketek resiko copet angkut umum,negative
daftar gojek pakai plat nomor kendara stnk sim skck daftar,neutral
daftar aplikasi ojol plat nomor stnk sim serah kantor daftar,neutral
cosplay ojol,neutral
ojek pangkal gimana,neutral
anying ajah ojol anyeb,neutral
produsen asphalt emulsion bayar jalan fasilitas umum,neutral
voc kompeni era millenium,neutral
rakyat susah ngantri pertalite aja ud susah payah tambah beban bayar erp,negative
ojol aja taxol,neutral
bijak tebang pilih nama atur akal akal,negative
gaji gak udah tarik pajak biaya parkir sudirman rb hari tambah capek dapet gaji bayar rint peres aja,neutral
karyawan gaji erp,neutral
bayar,neutral
macet daerah non erp telat usaha rugi karyawannya telat antri kendara umum ular,negative
rencana anies ahok jokowi covid kayak terap anies,neutral
iya uda pindah ikn aja luas sana,neutral
masslahnya sadar masy kendara lemah skr kondisi kendara pribadi jam kendara umum bejubel mgkn sebab pilih kendara pribadi pindah trans umum imo cmiiw,negative
pas gage jalan fatmawati macet macet sudirman thamrin aja macet,negative
salah strategi nihh mustinya lgsg ruas bikin aja ruas udh implementasi rakyat udh lupa biasa gak polemik dehh tetapin ruas jalan bgitchuuu,negative
solusi desentralisasi cipta kota metropolitan luar jkt,negative
min kgp kantor grogol erp jalan bayar klau muter cari duit loh bebanin,neutral
tenggelam mas aja nguras rakyat,negative
angkut umum lewat jalan nyaman ndak,negative
transportasi publik msh batas cth angkot komersial alih sistem jaklinkgo free tarif angkot komersial mahal integrasi pindah angkot bayar ajar tarif busway free jaklinkgo bus sekolah kuning armada batas cth salemba bus kuning sekolah sman smpn sdn salemba bayang klo jadwal pulang bus umpelan saran transportasi ajar tambah karyawan armada klo free sistem abodemen bulan karyawan jaklinkgo trayek luas armada tambah,negative
sabar min,negative
ojol gmna anying,neutral
solusi batas ijin dealer kendara,positive
gimana konsep,neutral
emang niat ngurangin macet lgsg aja stop produksi mobil sulit jual mobil aja kaya rokok emg tuju kesejhatan miskin larang jual rokok perintah berani lawan usaha solusi duit,negative
when toxic solution trying to solve toxic situation,neutral
gitu min naikin pajak motor mobil aja bikin mikir kendara,neutral
pajak kendara hilang kah,neutral
banjir aja beres gimana kendara publicnya,neutral
veteran hayam wuruk beli bensin bawa duit cum rb bensin liter rb bayar jalan rb alhasil beli bensin rb rb wkwkwkw negeri sungguh jenaka,negative
mesti salah bijak indonesia ngurangi macet tutup leasing mobil motor dp minim banyak transportasi umum layak udah ngelarang rokok tutup aja pabrik,negative
macet jual kendara subsidi angkut umum rata piye,negative
hahahahha anjirrr,neutral
wkkwk positif aja bu bentar kampanye,positive
tuju biaya gede optimalisasi fasilitas tunjang dipake desentralisasi ntar cinta senang,positive
tetep macet biaya nyaman keluar tekan efek stress tuntut jaman hidup dijakarta coba hitung hasil biaya kenyam hidup dijakarta,negative
trus salah jkw pjs sign,negative
solusi pindah jakarta biaya hidup,neutral
ttype titik macet jalan adil sosial rakyat indonesia capai,negative
jalan daan mogot woy situ parah bgt macet,negative
suruh beli sepeda listrik,neutral
pantesan anies terap batas bikin atur bijak populer execute,neutral
transportasi publik oke pada,neutral
nama gubernur ganti,neutral
inti ngomen apa ngomu bilang solusi rakyat alih transport umum tempat kaki rakyat solusi bijak rubah apa bikin rakyat dapat minim tekan suruh transport umum fasilitas pada jadwal datang menit sekali penuh telat kantor kasi rumah kota tp jakarta cari solusi please make sure you are on the same feet,positive
duit solusi,positive
gregorius udah banget tj udh bnyak nmbah rute integrasi mrt jaklingko lrt mo nmbh jalur revitalisasi halte busway dn stasiun smua brtujuan spya wrga nyaman pke transportasi publik,positive
transportasi umum dibagusin fasilitas rang mesum transportasi umum biar aman nyaman dikit duit aja,positive
ttype kasus kaya bensin naikin pindah umum mreka gak sendat bnyk duit ttep beli logika mobil mampu bensin bgtupun mobil pnya mampu bayar ojol kabar sepi order daerah situ udah transport pribadi tuju efisiensi titik dripda berlakuin mending fokus naikin armada biar padan nampung sampe pegawai dki jalanin,positive
parkir mahal bbm mahal jalan tol mahal skrg jalan non tol bayar numpuk lha jalan alternatif rakyat kreatif innovatif kejefit,negative
kabar ojol min hmmm,neutral
urai jadi macet transportasi benerin nyaman aman waktu warga dki pindah mode transportasi warga transportasi andal ngantor gak telat gak ribet coba cek stasiun manggarai,negative
tuju transportasi massal jual kendara listrik mana investor negara bangun pabrik hyundai,neutral
gak akses transportasi gampang kantor butuh waktu jam transportasi umum butuh menit ojol transport umum transit,negative
uda bener pindah ikn,neutral
krl kelapa gading kah min,neutral
terap jam jam kaya ganjil genap,negative
gwa gak kendara mobil motor banyak,negative
ajar mobil bensin motor bensin mana jual kendara atur jual terus batas macet parah dmn dampak beli kendara gencet atur in ganjil genap erp pajak progresif jual terus atur urai macet untung oknum tilang beli mobil motor bensin transportasi pada skrg busway mrt lrt ojol dll pada beli mobil motor listrik mobil motor bensin bangakai jual mobil motor listrik batas ulang siklus atas macet parah bikin atur in ganjil genap dll,negative
tuju kau angkat pjj gubernur bilang pimpin jng nyusahin rakyat,neutral
nambah beban masyarakat erp imbas turun hasil kemudi online minat turun konsumen ojol pindah moda transportasi umum bikin susah jalan kaki,negative
ariya tertawa bayar,neutral
hayoo py mobil gmn tuju gak lising kendara batas klw jln gak macet pajak mahal korup baik jln,negative
uud ujung ujung duit,neutral
udah terap singapore kota ok aja ganjil genap hapus jaring transportasi umum luas iring rencana bangun mrt kota tua ancol tangerang bekas tb simatupang fatmawati kp rambutan tambah lrt,negative
korek jigong public area bayar kah,neutral
nunggu titik napas aja bayar jakarta,neutral
terap kurang macet tinggal naik pajak mobil bangun mrt lrt pesat penjuru kota bangun gedung tinggi parkir kendara sudut kota henti stasiun kereta mrt lrt krl,negative
neng nyusahin rakyat,neutral
terimakasih darurat jakarta kian mudah hadir jaksehat jakambulans,negative
welcome kendara umum ojol sampe kejadiannn,neutral
terima kasih anies,positive
erp rencana waktu jokowi gubernur dki kaji selesai timbang uang ikn ikn dana investor buka negara aja,positive
apbd blom baik jalan manfaat baik jalan rusak,positive
ayoo pindah kantor daerah duren sawit ajaaa biaya hidup murah riah lhoo jajan murah sewa murah bebas macet,positive
uda bayar pajak kendara jalan bayar simpan uang hasil minim,neutral
hadeeeuuuh motor aja dl larang jalan daerah protokol salah bikin padat bikin ngawur jalur malam minggu gerombol motor enak gage udah bagus tinggal tambah aja angkut umum,negative
gila birokrasi negara kasi ojek online nyari duit jalan kadang diduitin jalan pajak rakyat,negative
bayar tp jalan msh bnyk lobang ampun kecuali jalan halus mulus,negative
mcm fasilitas udh nyaman dipake aja nyet,positive
anjay jalan kantor pramuka salemba gajah mada pintu selatan auto kaya,neutral
yuk pindah bsd yuk hihi,neutral
rencana terap moga batal aamiin,neutral
baca bikin deg deg an indonesia kenal perintah matrealistis paksa upeti rakyat penting pribadi atas nama kurang macet lagu kaset kusut gimana banjir masyarakat upeti perintah menangulangi banjir rusak barang jalan umum bayar peras darah rakyat habis perintah beda lintah darat,negative
solusi macet jakarta jalan bayar wadaw kota ramah kantong,negative
allhm dllh moga andal transportasi,positive
indonesia banget peluang jadi uang,neutral
mrt mash blon slsi ruas hi lebak bulus lrt blon slsi ni jalan mw dipajekin tranportasi masal udh sedia jurus fasilitas matang integrasi ngomongin erp dll skrg mash kaya gin jalan slsi pr mash,neutral
hebat gebrak pj gubernur eluh eluhkan bravo,positive
voc modern hirup udara kena awkwkwk,neutral
goblokk,neutral
tingkat wfh,neutral
bayar bayar bayar nnti milu bayar coblos subsidi,positive
nyari duit tambah,neutral
jalan suruh bayar kemaren ngerasain target pajak mobil jabat ganti timbang gorden aja anggar segitu urat malu ilang,negative
berfikir cerdas sejahtera rakyat susah rakyat be smart,negative
aneh jalan pajak meres rakyat suruh bayar super duper aneh negri,negative
pajak hasil pajak kendara motor skr pakai jalan dipajakin jalan aja byk rusak bro dishub pasu,negative
klw thn lempar indo arab kaya minyak duduk makmur,negative
nulis anjing,negative
cangkulin ajee tu jalan pancasila mane pancasila,neutral
bisa ide begitu wkeke jalan aja macet karuan tambahin macet ngide bego,negative
lrt mrt sampe cilincing tuju,neutral
rim for president,neutral
bisnis usaha toko dll jalan erp kendara bawa barang gimana nasib aja mobil bawa barang perlu kerja rumah customer jkt biaya operasional bisnis harga barang pakai kendara pribadi paksa kendara umum buruk desak gak aman jadwal gak gak rute dll,negative
cari celah,negative
tuju,neutral
aneh negara nyari untung rakyat lucu negeri,negative
gilak gmn jalan ud gak butuh duit,neutral
ujung korupsi,negative
cari cuan kurang macet,negative
brp persen korup,negative
ngga papa bayar transportasi umum nyaman singapore or tokyo ikn duit dki,negative
ladang hijau,neutral
untung jalur sepeda dah aja,neutral
ngeliat duit doang ngeliat emosi masy peras,neutral
uang miliar liat duit cepe aja udah gelap,negative
kaya kaya koruptor mana,negative
gagal pemprov cipta transportasi publik percaya publik malak publik,negative
nan,neutral
achmad maap maap salah,negative
benerin jalan lobang tambal bikin bahaya guna jalan,negative
tuju,neutral
prittt offside,neutral
creative store sudirman dkt ratu plaza alat erp uji coba,neutral
ane jalan lgi gabut suak grab car go car belah manenya erp ngarang ae lw,negative
creative store buka mata abis bunderan senayan arah ratu plaza liet atas tag jaman ahok coba alat erp,neutral
iya jaman geng ahok emg nyusahin rakyat jaman anies bayar pakai buka mata,neutral
creative store nyusahin rakyat klo kayak erp rmang rada susah,negative
baik traportasi umum gak kantong,negative
preman lhooo slah baca,neutral
official koruptor tertawa koment mu,negative
nan,neutral
helehhh ujung ujung baik tilep,negative
peluang maling tiap sudut setor tuan,neutral
transportasi,neutral
pake sepeda erp,neutral
gada tangan kotor,negative
halusinasi uang penting umum proyek sepi lrt palembang sepi bandara kertajati sepi bangkit tenaga listrik lebih watt,neutral
korupsi hukum tahun doang gak hukum mati korupsi aman tinggal suap kanan kiri hidup hotel dehhh,negative
rakyat pajak hari tahun ruas jalan tinggi biaya bensin motor kagak rakyat jelata dipajakin bro,neutral
serentak bayar aja,neutral
agenda korupsi baruuncul,negative
lahan basah lahan basah aja cari celah,negative
korupsi biaya tingkat transportasi,negative
lumayan korupsi,negative
gratis bocor rek pribadi sisa biaya maintenance erp,negative
udah atur aja uang rakyat,neutral
chan maap salah,negative
hadeeeh beras telor minyak beli cabe mahal negri palak hasil banyak utang rakyat peras moga gd pimpin dzolim depan,negative
koruptor neng neh,negative
ladang korupsi buka lebar,negative
receh,neutral
angkat wacana angkat tuju jalan klw dapet gubernur pilih rakyat nikmatin aja yak,neutral
mayaaan dana kamp,neutral
perintah bisa ngerampok duit rakyat tanda kondisi negara,negative
bear wakil sip,neutral
coba jabat maksain program jalan yaa fokus ojol taksol cerita tagih erp masuk argo notabene lahap persentase aplikator cerita tumpang halim monas jalur mth gatsu sudirman medan merdeka mana semua jalan tsb erp anggap aja tarif argo biaya mesan cepet tumpang tol tebet polda tagih angka jalan erp aja so means tagih total surge rate jam sibuk hujan tagih mleduk mleduk fyi taksol terima kadang asa anggap rb an taksol nurunin tumpang medan merdeka cari tumpang mangkal derek otomatis muter cari tumpang mana jalan jalan rencana erp istilah mending dapet order lanjut rebut apes abis uang hasil sampe rumah istri dapet suami ma istri mana suami abis ma potong bayar erp wallahualam,neutral
is dinn kaya uang hasil korup,negative
bayangin tinggal deket jl rasuna said dikit udah bayar astaga win win solution alih isu perang,negative
baca komen unsur larang nge kritik solusi baik tua doang gabisa baca,negative
lucu bgt kontol,neutral
trus duit korup ituu negara polandia lohh yaa indonesia korup uang baik infrastruktur,negative
buset cancel aja nyari order hari gampang,positive
ude ude diem aja tolol,negative
bacotin perintah tp kayak gt bnerin kadang nunggu tranpostasi umum aja jga bro bayar aja udh rame bnget bayar wkwkwkkwk,neutral
solusi bayar bro benahin transportasi umum bayar aja kadang nunggu bayar bnyak make bnyak antri,negative
it sembari nunggu tahun pling pas oktober perang politik,neutral
hmm gapapa biar ngurangin kendara atur mobil jalan rawan macet,negative
salah anies,negative
abdillah gada beda atuh kang gapake plat,neutral
bentar nafas tarifin gak uang tolong hemat nafas,negative
nan,neutral
bayarr tf pake token bsa gesek tempel,neutral
perintah aja,neutral
ea liat,neutral
jabat gratis,negative
hukum haram rakyat dijadiin bisnis,negative
jalan negeri bayar gubernur diy waktu,neutral
wihhh ngeri,negative
aja naek sepeda suruh bayar kendara pribadi roda,neutral
uud ujung ujung duit pajak mending hapus,neutral
hey indonesia nafas sesuai domisili nafas daerah domisili tarif erp,negative
iye akun belah isi nuntut perintah mulu,negative
halus usir gak tinggal jakarta,neutral
wanskyy disholawatin,neutral
wahhh ngajak demo,neutral
solusi cekek rakyat pasti dimahalin aja pajak kaya pore biar transportasi perintah kasi ojol taxi grab kurir erp,negative
mental minta ilang ilang,neutral
terimakasih susah rakyat,negative
is dinn abang ngopi warkop tau dapet cerah,neutral
republik sulap,neutral
kaya,neutral
rakyat bayar pajak bikin jalan pas jalan udah rakyat suruh bayar pake jalan bangun pake duit konoha,neutral
is dinn gak kayak gitu bro dampak mana,neutral
wes laku ta iki saiki,neutral
omdo,neutral
ngikutin singapore,neutral
jalan umum suruh bayar,neutral
solusi dapat pemkot solusi kurang macet jkt ngurus erp aj belit belit emang otak pemkot duit jalan bangun pakai uang pajak tagih duit rakyat klo tau solusi ngurangi macet bikin banyak transportasi masal tp bikin anggar mending bikin gin nempelin tiang pinggir jalan uang lintah darat,negative
migrasi surabaya kota kota jawa cerita semi,neutral
gang rumah bayar,neutral
tuju min,neutral
goodiebag mbak bedain tambah panjang jalur trotoar gubernur pkl mbak maaf skrg tambah parkir motor mobil gak pohon jalan kaki trotoar,negative
tambah jalur,neutral
terima kasih tua gak kalah edukasi terima kasih perintah australia tahun ambil klo bilang kalah edukasi kayak nggak kalah debat alumni salah fakultas hukum baik indonesia debat makan minum,negative
situ bahas trotoar makan opini negatif sengaja dibesarin situ cerna opini liar edar eaaa situ nampakin sisi benci gub dki lucu ajah pake curcol banggain alumni hukum baik negri peduli jalur krl brp skrng brp beda klw brrti tambah sdng wacana tambah jalur stlh alih stasiun manggarai kelar emm nama bkn trus benah publik transport,neutral
wowww benahin trotoar margonda donggg,neutral
bingung jalan bayar gitu bayar kaya tol kah,negative
naik pajak kendara motor perlahan kendara umum milih sepeda,negative
bayar bpjs gaji ttp hasile bayar aja anak istri kasi makan tong bela rakyat miskin kurang kemiskinana gana tong,negative
buang air bayar jalan tol umum,neutral
pindah macet rumah mobil motor jakarta maju,negative
nggk kalimalang busway ngatur solusi pokok,positive
negara bayar tanda hancur negeri pajak pungut,negative
kendara,neutral
jalan provinsi klo gmn aing pulkam naek motor klo musti dipalakin situ wkwkwkwkw,neutral
udah antepin,neutral
alternatif dipikirij bos,neutral
bayar bayar bayar,neutral
terbang aja,neutral
duit mh bodo tetep lewatin nnti tggal liat orng kaya sebabyak jkt,neutral
penuh sesakkk transportasi umum gamampu lewat jalan bayar kaji ulang solusi jadi,negative
kurang macet pindah jalur karna aktivitas ibukota tahun padet macet macet sumber,negative
ta perintah tuju kurang macet pikir sempit,negative
cari jalan macet gratis,negative
ulhaque mamam jalan bayar,neutral
junkies nama tanggulang macet gak ngaruh klo pakai angkut umum hahaha nyinyir mulu emak,negative
ulhaque iyee emak tong,neutral
junkies sorry emak gak muja mantan narapidana jelekin gubernur macem hahaha,neutral
ulhaque muja mantan narapidana emang tu komentar muja mantan narapidana,neutral
junkies rahasia umum nyinyir mulu gubernur sebut gabener baris kasih tau eksplisit udah paham hahaha,negative
batas kendara perintah batas jual kendara biaya pajak bikin sim parkir mahal sedia banyak angkut umum murah cepat,neutral
bayar pajak,neutral
ulhaque sotoy bnget masbro jdi klo nyebut gabener bearti wajib dukung ahok tua,neutral
ibukota buru pindah keq,neutral
daya kerja harus milik kendara minimal motor,positive
lem aibon ide ahok djarot,neutral
sepeda,neutral
okesiap jalan bolak betis bengkak,negative
lahhh sewot rakyat complain,neutral
koalisi neh nama aja bau ilmu politik cabut dahhh independen admin,negative
untung bumi komplain ente coba komplain mati,negative
sok bener aja enta ente enta bumi ngapain komplain ama koplak bumi mahluk hidup tuuh komplain kale populasi transportasi massal solusi rezim maksain yaa mikir kendara contoh ojek online taxi online mikir pkai logika koplak,negative
emng erp jenis kendara klo kendara online mas operator mou dishub pemda kait skrng blm erp ubah pandang salah min rubah pola pikir penting lingkung,negative
yaa susah seh yaa banyak duit gitu pakai motor yaa pakai mobil kaya lahhh paksa kaya motor coy feeder daerah commuterline aja transjakarta aja kadang kadang suka telat ngomong gin ngerasain moda transportasi umum,negative
febri tinggal kalimalang tol becakayu jalan arteri kalimalang jarang macet neh rezim,negative
bangkit ali sadikin,negative
hidup pas bro hidup sengsara jkt metromini lebak senen desek ama tumpang jam pulang krl skrng klo protes transjakarta jalur mas ditrobos klo beli motor bray bikin macet jkt polusi asap suara klo beli gengsi klo cari rejeki ud dairing online memfasilitasikan kerja online berat usaha kerjasama ama pemda kait lewat jalan biaya tambah klo kantor biruh angkut umum kurang macet polusi udara suara klo angkot aman protes pemda kait,negative
murah bayar pp,negative
bangke gunadarma margonda ssma kalimalang kampus ngeluarin duit kekwkwkwk,neutral
kemang pejaten,neutral
akal perintah cari untung tidak mampu perintah layan rakyat,negative
uh bayar,neutral
seerasangwara ember cyin januari,neutral
trus pajak apa kontol,negative
nama zolim jalan non tol bayar an absolute dic thought,neutral
erp gmn min,neutral
nggak,neutral
tuju,neutral
serius nanya motor,negative
klo bikin gitu transportasi umum contoh kaya singapore bikin rakyat sengsara jabat negara gitu peras,negative
dapat cari samping marketing motor scooter,neutral
minimal dp beli mobil harga jual mobil murah ditiadain mobil layak mobil ngerawatnya beli aja modal gengsi beli mobil tp gabisa ngerawat komponen mobil urus oli kotor isi bbm kualitas rendah mesin rawat polusi,negative
lcgc sbnrnya green car syarat isi bbm ron bakar maksimal tanya sbrp byk beli lcgc isi bbmnya pake ron aja,neutral
bayar pake obu alat,neutral
heran banyak negara maju terap erp jalan bangun hasil pajak milik kendara nikmatin jalan kendara lunas pajak musti bayar alas urai macet logika gimana yoo,neutral
jalan bayar bayar pajak,neutral
buset dh daan mogot berangkat pulang sekul situ,neutral
gouw sepi kubur pas lebaran,neutral
motor bayar brp,neutral
kalimalang,neutral
dana perintah,neutral
bayar gmn,neutral
lupa motor erp yaaa,negative
pajak gitu,neutral
hehee bayar klo naik atur dp kendara minimal kayak turun tingkat macet meren,negative
tetep aja macet pindah udh bayar pajak bayar,negative
ttp aja diitung emg gamau situ karna emg situ kerja bulan tahun gede pajak,negative
big no kreatif,positive
atur,neutral
sistem yaa,neutral
pajak ttep bayar,neutral
whaduh xmalang bayar,neutral
hahaha,neutral
tj btul,neutral
zrl ngambil duit crc otomatis,neutral
withcamera negara paytowin,neutral
pling benci pp,negative
heran modol ajh bayar alokasi dana,neutral
mobil doang kek bro,neutral
benerr ndan wk,neutral
truk ekspedisi kirim kesana masuk uang pajak money min,neutral
jalan rata lobang aja gaya pake bayar,neutral
sebenernya efektif ngurangin produksi motor mobil indonesia jakarta sayang perintah bom berani karna pajak usaha mobil motor indo perintah ajasi,negative
rakyat lahan bisnis negara butuh sejahtera rakyat salah,negative
bayar sana bayar mana pake bayar you sing you lose,neutral
modal kalimantan yak,neutral
liat jabat perut buncit,neutral
sungguh adil tengah ancam resesi dunia hantu indonesia banyak phk daya beli masyarakat sepenuh pulih pemprov paksa pajak jalan bayar rakyat guna roda berangkat rumah modal ongkos ribu rupiah bensin makan pegang tambal ban,negative
fungsi bayar pajak kendara bayar pbb bayar pajak pph pajakin rakyat duduk manis,positive
emm play over aja jeladag jeleduh sambung jalan kaya poldur jalan tambal kaya ban,neutral
jalan tol adakan kendara roda tuju kota kota,neutral
rakyat rungkat pemerintahaan kaya bingung ngetag cumang mikirin milu doang buan cuan pribadi,negative
klo mcet jln tol pp,neutral
monggo piknik keluarga teman teman panjenengan monggo japri mawon saddam tour travel magelang piknikyopiknik carteryocarter kerjoyokerjo dolanyodolan barengyobareng layan piknik wisata pantai wisata candi city tour jogja manten mbesan manten acara keluarga acara dinas dll wa me mobil hiace elf long inova magelangjew magelangmawon magelangadem magelangwae saddamtransport ontripmagelang,neutral
jalan lobangnya suru bayar,neutral
makan tikus,negative
busettt set set,neutral
klo dki macet jalan satu stop produksi kendara import buat lokal gimana macet tahun tambah truss kendara produk keluar baru batas produksi kendara baru rakyat bikin sengsara mngkn tahun atur nikmat matahari wilayah jakarta pajak biar runyam,negative
pancasila dikit kadrun pilem kadrun donalduck asuuu,neutral
pake sepeda listrik aja gaess ntar klo pajak naek kuda,neutral
rezim bener melatihh ekstraa kesabarann,neutral
macet macet bloon perintah jakartanya udah bayar macet,negative
tikus suka kayak gin,negative
pindah wna gmn,neutral
gedein perut jabat tinggi,neutral
mantab,neutral
lumayan modal tunda tahun,neutral
nasib negara miskin,negative
pea,neutral
realisasi boikot bayar pajak kendara,neutral
pihak kaya,neutral
pajak dasar,neutral
kemarin duitt skrg palakin,neutral
goblok luh,neutral
wow duit ribu kendara lumayan,neutral
besok daftar ojol aja biar gratis,negative
tuju aja next gubernur beneran atur ubah,neutral
jabat bln udah bikin gebrak emang mantap gubernur dki skrg,positive
kabeh bayar edan,negative
jaman harto,neutral
gin mau gratis,negative
gaji pajak beli motor pajak sampe jalan kena pajak nafas pajak,neutral
sip,neutral
ogah nyoblos caleg am capres gak ad benerr,neutral
gurbernur giveaway ngadi ngadi tinggal anies acak kesan hilang,negative
indonesia mkn krisis,negative
plt gubernur dki parah banget gak program,negative
jalan bayar hindar jalan macet,negative
sampe paham terimakasih jaman toooh,neutral
bego,negative
koruptor,negative
keren,negative
enda bayar pajak,neutral
awas kommen bayar perda dki,negative
ribet,negative
jalan pake jaket ojol hindar erp,neutral
min jaket helm stiker ojol keras pasar min kawasan erp pake jket ojol jakartabarat,negative
ahir jalan jdi go grend,neutral
akun periksa gak,neutral
jakartabarat boro periksa akun min macet motor periksa menit antri belakang macetx bayang,negative
niat ngurai macet nambah pendpatan ngurai macet yoo gak ngaruh modal jaket ojol uda tepat nambah dapat aja ni,negative
nama dunia adil,negative
ubah jdi ultraman,neutral
tanah air bayar,neutral
kurir gimna min,neutral
yaudah bayar pajak mending bayar erp aja pas tilang alesan pajak mati bayar erp,negative
rakyat jarah negara,neutral
pajak iya erp iya peras,neutral
rakyat hny motor gaji hadeuh bensin erp aja neh bini ngambek atur emang fikirin,negative
plat hitam plat putih engga,neutral
blm apdet,neutral
ojek online min serius,negative
bayar trus heru keren,positive
rahman helm ojol kerass,positive
jakartabarat udah susah bikin susah,negative
beban tanggung rakyat,negative
mobil listrik,neutral
ujung rancu kaya etle,neutral
open tokped buy jaket ojol demand tinggi,neutral
bisnis rakyat sndri,neutral
demo batalin coba ajaa atur tp nyusahin laen,neutral
mari bisnis rakyat,neutral
nggak sepeda motor,neutral
sorry ngga byr erp tahun rutin byr stnk koq bijak erp spy masyarakat alih moda transportasi umum kurang macet gage ngga efektif,negative
gilir rakyat jelata pencet jabat gratiiisss konttt,neutral
adil rakyat indonesia hilang,positive
jakarta ribett,neutral
tolakerp rugi rakyat bijak tentang pancasila,positive
wuyy mobil barang gimanaa pickup box engkel mikir berat bgd,negative
negara haus uang rakyat,negative
nan,neutral
cahyo yoiii kaya jaman soeharto,neutral
jaman harto aja gantung individu aja ngejar gengsi kredit riba,negative
gila,negative
au,neutral
allah jalan aja bayar,neutral
jajah negeri bayar fasilitas publik gitu gitu aja sampah,negative
bayar pajak pake jalan aja bayar,neutral
duit pajak duit erp,neutral
alias jamarabo gerat ngencing sembarang po on,neutral
taii bayar klo korupsi fuck,negative
jalan aja bayar,neutral
nice,neutral
president tri cinta bayar pajak jalan bayar tolong kebijaksanaanya,negative
ajisantoso respect,neutral
negara hutang,negative
gimana buruh gak gaji tuntut butuh aja,neutral
padat loket bayar tambah suram suasana,negative
kere makan bulat aja udah syukur banget gamampu bayar jalan berbayarr,negative
gila gila bayar kontribusi,negative
peras konstitusional masyarakat subsidi negara jargon manja subsidi kick masyarakat subsidi negara rumah kamar cas buntut rumah pagar pajak udh trjadi perancis,negative
wkkwwk makann periode,neutral
nying jalan negara aja bayar uda bayar pajak tahun,neutral
aj palak,neutral
doiit terusss cair cair aja cair,neutral
asiiik bayar bayar terooosss decha,neutral
kooontooolll,neutral
parah emng serba bayar miskin miskin makan aja susah,negative
duitin terosss ojol ngenes aja,neutral
gak cocok kurir paket upah bayar jalan ne rb tombok,negative
ae curut sawah,neutral
cahyo gaji umr belagu bgt kridit mobil,neutral
jalan milik tuhan perintah,neutral
pajak udah udah aja gak maksimal pakai uang,neutral
kayak jln negara aja pakek bayar udah merdeka asa jajah kompeni,neutral
ngutaaang ngutaaang kesini gara gara ngutaaanggg welkam de kontri,neutral
alif tar denda,neutral
pajak kendara hapus klo jalan bayar,neutral
hidup zaman jajah,positive
kentut ajja bayar nihh,neutral
suruh salah pilih ehh ceplos,negative
smua atur uang kaya mikir miskin mikir keras,negative
pancasila lambang garuda,neutral
futures only rich turun jalan,neutral
aneh,negative
sumpah aneh,negative
pegawai perintah pikir uang mumet tinggal,neutral
gila bangun pake duit rakyat rakyat bayar,negative
udah bayar pakai pajak,neutral
tpi rakyat duit,neutral
warga hak jalan aja bayar ygy,neutral
gitu pajak ilangin aja,neutral
jalan bangun nenek moyang dahulu rawat dana pajak mbok bayar preseden ikut kota lai kota kabupaten propinsi bayar,negative
arya korupsi nama rakyat,negative
nek sepedaa ajaa,neutral
astaghfirullah,negative
jln aj bayar,neutral
parah,negative
fungsi bayar pajak,neutral
oiya depan perintah rencana warga hirup oksigen kena pajak semboyan rakyat rakyat koruptor,negative
nafas bayar ygy,neutral
nama ngumpulin pundi pundi pajak retribusi gitu,neutral
jalan pajak rakyat ny milik rakyat rakyat suruh bayar,neutral
jakarta in jalan aja isi mobil sopir doang,neutral
salah kurang macet,negative
zeehahaha merdeka,neutral
belanja ppn make kendara pajak rumah tinggal pbb,neutral
pajak bayar jalan bayar parkir bayar,neutral
welcome to wakanda,neutral
bangun jalur sepeda nyaman teduh warga bawa kendara pribadi angkut umum rute jalan jam aya aya wae bangun jalan pajak rakyat eee rakyat suruh bayar jalan,negative
sak neng,neutral
udah bayar urus serah swasta tinggal liat aja milik usaha,neutral
uang pajak rakyat mana mash kah sengsara rakyat,negative
efek negara banyak utang nyari ganti majekin segala harga,negative
udah bayar pajak,neutral
nan,neutral
tol,neutral
pajak bangun jalan bayar skrg bangun pajakin pj gub hebat ngoahakakakaka,positive
rakyak sapi perah solusi opsi meminimalisir macet coba siap parkir luas naik biaya parkir alih transportasi public,neutral
jalan bayar fungsi bayar pajak kendara,neutral
negara maju lahir bayar anak dibayarin negara didik gratis dsb negera miskin ngemis rakyat kembang tp ngemis pimpin tinggal landas tinggal landas terus,positive
gmana hybrid aja wfa jam karyawan ngikutin plat kendara plat ganjil tanggal ganjil plat genap tanggal genap urai macet,negative
atur bijak pengaruh rasa wajar wara wiri pake mobil dinas pake patwal bayar bayarin negara,neutral
tolong terap atur rata kalang kendara,neutral
apakabar harga ojek onlen,neutral
bisnis hadew masyarakat tengah bawah kasi,neutral
udah nambah uang saku koruptor pajak pam pln tol jalan raya bayar jalan fasilitas umum rakyat bos ide anggota dpr fraksi,negative
udeh miskin tmbh miskin,negative
modal kampanye partai habis gubernur gf,negative
syarat tingkat kualitas kuantitas transportasi umum baru tuju,neutral
ajeee gileee,neutral
ganjil genap,negative
dahal pasal uud,neutral
bego,negative
tuju,neutral
gmna ojolll,neutral
perlahan usir,neutral
kaga,neutral
pengaruh kayak ttp bayar klo tarif,neutral
tuju sederhana tuju titik,negative
asiii iii ii ik,neutral
setiawan solusi work from home aja kantor nggak berangkat berangkat bayar berapa emang jalan lewat gang macet pindah aja takut macet mending work from home aja,negative
setiawan solusi turut transportasi umum banget narasi,negative
adil smua roda klo gage akal erp akal turun roda,positive
oalah pungli luas,negative
ma trotoar gede lapak pkl ojol,neutral
setujuuu nambah biaya kampanye drama nang massal ala oneng cs,neutral
mobilmasih bayar tetep macet tarifin gitu sepi jalan,negative
merdeka tmbah mmiliki kbbasan sprti khbisan cari dana kmbali dijman voc lma lma stiap kpala bayar pajak stiap kaya bayar klau trtntu oke buah pmbngunan bkn smau dwek bkin jln macet,negative
tuju buang sampah sembarang denda,negative
gun pajak,neutral
indonesia kaya gak ngaruh bayar uang erp kaya celah lahan blablabla,negative
moga warga jakarta nikmat jakarta,negative
nggak tuju,neutral
rame kolom komentar sah,neutral
alih macet jln cari untung alas jln dipeliharan uang rakyat uang investor modal,negative
mala bkn bijak,negative
copot jabat,neutral
bayar pajak iya bayar jalan iya,neutral
susah susah,negative
nafas jkt bayar,neutral
bener hahah mobil gede isi supir bikin macet,negative
bikin jalan bayar pajak pake jalan bayar,neutral
sulit,negative
anjim sat,neutral
udah bayar pajak loh pajak gimana tugas wajib atur jalan uang jalan gimana emang niat banget pakai ruas jalan bayar minimal dana biar asa guna jalan syarat muncul mindset yaudahlah bayar aja lanjut gitu aja,neutral
rakyat cekik suruh sjlahkan utang kuasa hrs kembali jalan fasilitas rakyat bayar pajak pengebdara motor mobil jalan komersilkan bangun tol mana rakyat tol bayar karna utang tol mu kehidjpan rakyat naik ppn naik trus menhejahtrakan rakyat bangun,negative
udah gitu duit bentar tukang bakso,neutral
biar macet,negative
tutorial siksa warga,neutral
coba kendara roda buat jalan dalam tol kurang macet titik titik jalan bayar mana dampak kendara bayang beli mana lokasi laku jalan bayar sungguh rugi perintah indonesia kurang libat manusia negara rugi rakyat,negative
erp,neutral
otak kolam,neutral
emng alat transportasi udh bagus sampe motor tarif kasi rakyat,negative
tinggal ibukota negara hutang tumpuk jalan duit rakyat bayar pajak udah suruh bayar bayar pajak jalan umum bayar pejal kaki guna sepeda pajakin,negative
charm jl fatmawati gage bayar,neutral
aj tri terapin lakuin klu tuju bijak gila elu,negative
duit tanin bro akhlak,neutral
cakep,negative
ideu mennyengsarakan rakyat bikin macet duit,negative
mikir mana,neutral
solusi bnyk ilangin aja cicil mobil jdi cash tronton operasi malam angkot ungal an parkir sembarang ngetem tepi jalan bajay henti jalur motor udh tau macet kadang bajay nyelip aja nyangkut bikin kendara motor numpuk ujung macet perhati jalan jkt gede jalur sempit jdi jalur gimana macet coba,negative
wow murah banget juta tarif,negative
presiden bantah perintah usulin presiden iyeh iyeh ajeh yaudah rajalela perintah mao korup,negative
elhafiz ojol taksi gimana raka cari uang tolol pake uang pajak anggar anggar dikemanain,negative
liat daftar knp jln menteng diponegoro cikini bayar prioritas jabat rmh dinas dubes tinggal sekitar,negative
cie lahan korupsi,negative
kadang lapor sekneg lapor presiden dunia jabat negara minum air asin minum haus,negative
otonomi daerah bos presiden lageh,neutral
unknw bener periksa kpk pemprov kondisi pajak daerah jalan kena pajak aneh korupsi kayak,negative
ngerik ngomong,neutral
jdi duit napa laper,neutral
bayar gmn,neutral
solusi ketat beli mobil negara uang lengkap atur tetap garasi kendara urus hukum sim ketat seleksi aja,negative
gak bayar pajak stnk tahun,neutral
gasss bayar bayar biar utang asik asik rumah bayar,neutral
tuju raperda tsb rakyat berat jalan tsb investasi dishub sungguh investasi jalan tsb jadi jalan bayar untuk jalan umum,negative
demo emang aplikator peduli driver aplikator minat cari samping aja alias gabut dapat utama sapi perah,negative
tuju dapat dapat minim maksain gaya sesuai porsi aja,positive
adzano aplikasi demo tp buat atur,neutral
ijin tnya tau implementasi gimana bayar gimana jalan kendara dipasangin alat gimana cerah tau,neutral
horeee,neutral
laku jam laku,neutral
rakyat tin rakyat madih bom puas siksa rakyat abis covid naik smg sehat umur rejeki aamiin allah rasulullah doa smg diijabah allah swt,neutral
kendaran,neutral
solusi urai macet guna jln rutin lewat jalu erp mudah pindah transportasi massal signifikan kurang kemcetan beban rakyat ekstra beaya transportasi apalgi ojol wirawiri habis ongkos erp klo utuk bayar pajek kndaraan tahun capai juta,negative
mobil aja laku motor serius nanya,negative
diskon pajak mobil hubung ganjil genap banyak busway please,negative
ide survey,neutral
atur konyol gak mikirin rakyat bayar pajak kendara dll,negative
nan,neutral
hrs bayar nafas ama kentut blm suruh byr,neutral
ojol gimana tu mondar mandir,neutral
mobil jenis kendara motor roda,neutral
kayak kebelet berak tetapin perda ngebet banget nyari cuan,neutral
isi survai,neutral
tol ajj udah pake sistem erp ajj tetep macet,negative
solusi cari untung alas solusi,neutral
komentar ormas nikmatin duit papi program sengsara rakyat bilang bagus,negative
trus benefitnya lwt bayar jamin gak macet macet nie coba masyarakat tuju bayar benefitnya,negative
aja jalan jakarta tutup aja jabat situ rakyat suruh rumah aja negara,neutral
viddy fristian terang kepala dishub dki rencana tuju atas macet ka smoga kurang macet kak,negative
stone kaka wfh,neutral
sebenernya simple pegawai perintah aja pakai mobil pribadi pakai mobil jemput karyawan aja mobil rame kurang macet,negative
klo jual mobil indonesia stop keluarga mobil pribadi sifat,neutral
bikin bijak nyimeng,negative
upaya larang mobilitas manusia masa pilih presiden ambil bijak bayar ruas jalan baca,positive
tular daerah negeei jajah rakyat,neutral
ide bagus pro kontra ndk pa,neutral
bagus surabaya medan hrs ikut transportasi massal gak jkt daerah msh kedodoran gmn pemkot,negative
binggung ma pemda ni aja bikin harus keluar anak bini mana ni lintah darat ni pemda lintah darat,negative
pajak kendara hapus,neutral
sampe nama jakarta ngga bebas macet pakai atur apa mobility butuh dasar kendali mobility tetap tarif selesai beban hidup,negative
abad jkt udh macet,negative
nan,neutral
merdeka,neutral
solusi rakyat pakai transportasi umum,negative
kakanya spertinya anak kereta anak busway,negative
bayar pajak kendara jalan pas make jalan suruh bayar bayar pajak,neutral
jl parman trus klau rumah manggis bayar gitu reasonable atur klu jl sudirman kuningan ok klu jalan rumah kompleknya aneh keblinger pemda dki,negative
suruh pindah ibukota aja sono,neutral
miskin miskin sulit mudah,negative
pajak kendara klo jlan jlanan umum bayar senang jabat dpat dana masyarakat melarat,positive
pemda kurang apbd,negative
zaman ahok terap sistem erp anies gubernur sistem erp tiada skrg zaman plt gub heru terap sistem erp kelompok niat mungutin uang rakyat,neutral
syarat beli mobil dp rupiah dikibulin cukong kartel otomotif negara,neutral
bener pa anies masiv dorong masyarakat transportasi massal tinggal lanjut sja loe sembrono pj,negative
sri widodo qatar dubai kayak gin,neutral
nama jabat give away mumpung kasih sempat raup,negative
gak capek malakin rakyat,neutral
sdm piara pkde bener bener freak,neutral
isi korupsi bentrok aja udah ingkar janji,negative
peres rakyat neraka jahanam ganjar ide bikin susah rakyat aneh byr pajak bangun jln raya dlsb suruh bayar klo lintas ngak akal sehat,negative
tuju mobil motor,neutral
solusi bgus mobil motor pribadi ttp jual tambah pasu,positive
jaman firaun rakyat pake jalan gak suruh bayar,neutral
udh miskin bgt negara qta sampe jln aja byr jlnan aja bangun pake duit rakyat allah negeri,negative
jaman perintah peras rakyat,neutral
nnti macet pindah jalan bayar,negative
tuju syarat celaka lecet kompensasi milyar,negative
gubernur giveaway aji mumpung,neutral
mokso banget nyari cuan,neutral
proyek kolonial belanda iyah udh jakarta ubah batavia,neutral
emak oh emak mati,negative
mikir bijak byr uang,negative
akan atas bayar uang mana tanggung jabat sangkut bayar pake uang appbn cari solusi jitu mahal bayar,neutral
gak efektif mobil duit bayar jalan satu tutup jalan bangun jalan tingkat,negative
smangat,neutral
hahhahaha bayar macet peras bisnis rakyat,negative
pemda dki plt wahyu biadab,negative
urai macet rakus pemprov,negative
bilang aj gak duit rakyat peras,neutral
neng perintah saiki meres rakyat kudu ne dudu koyo ngono carane ne kendara asn tni polisi karo presiden sing gawe jalan iku bayar opo ora,neutral
emang da laen meres dwit rakyat biaya haji naek pajak smunya naek bbm naek lwt jln ja suruh bayar gile bner miskin bgt negara,negative
gada,neutral
bijak top markotop pj galak gubernur ketua dpr kabar tuju,negative
gagal total,negative
sri widodo qatar,neutral
tolong kembali gub dki please please,negative
knsepnya rakyat hrs by pajak mcm biar hdp jabat teruus,neutral
rakyat bayar macet jalan kurang motor mobil negara rakyat dampak hadeh,negative
parah daendels soeharto jaman nabi musa,negative
pancasilais neng meres rakyat thanks pj gub dprd dki,neutral
aja bayar bayar pakai uang logam bayar lempar jalan tiru enoh lempar barang mobil,neutral
hebat pj gubernur,negative
nama macet macet jam sibuk libur anak sekolah jalan lancar sepi in macet ganti pola genap ganjil macet terap bayar tutup macet parah antri unfuk bayar tambah beban masyarakat motor kena erp kasihan tukang ojol cari tumpang susah,negative
jlnan seuprit tp jual mobil mlu udh gitu mobil gede gaban smpe motor klo macet nyalip aj susah,negative
bkn bikin jlnan lebar jual,neutral
batas usia kendara motor naik pajak kendara motor batasin milik kendara motor kk fasilitas kendara masyarakat nyaman guna jamin macet kurang,negative
nan,neutral
nan,neutral
konsep hasil jalan bayar beliin jeep,neutral
